folder,xml_file,video,frame,ball_xtl,ball_ytl,ball_xbr,ball_ybr,strikezone_xtl,strikezone_ytl,strikezone_xbr,strikezone_ybr,overlap_percent,is_strike
40 to 47,IMG_0042.xml,IMG_0042.mov,25,1734.66,1880.73,1978.93,2007.76,912.3,1139.64,1406.0,1980.78,0.0,False
40 to 47,IMG_0042.xml,IMG_0042.mov,26,1690.69,1944.24,2071.8,2071.27,912.3,1139.64,1406.0,1980.78,0.0,False
40 to 47,IMG_0043.xml,IMG_0043.mov,23,2071.76,1792.79,2160.0,1900.27,912.3,1139.64,1406.0,1980.78,0.0,False
40 to 47,IMG_0043.xml,IMG_0043.mov,24,1446.41,1919.82,1661.7,2037.1,912.3,1139.64,1406.0,1980.78,0.0,False
40 to 47,IMG_0043.xml,IMG_0043.mov,25,2022.9,1753.71,2160.0,1870.99,912.3,1139.64,1406.0,1980.78,0.0,False
40 to 47,IMG_0041.xml,IMG_0041.mov,26,1632.2,1483.05,1843.11,1568.02,912.3,1139.64,1406.0,1980.78,0.0,False
40 to 47,IMG_0041.xml,IMG_0041.mov,27,1879.98,1486.07,2166.11,1571.25,912.3,1139.64,1406.0,1980.78,0.0,False
40 to 47,IMG_0040.xml,IMG_0040.mov,31,2100.86,1802.55,2160.0,1885.11,912.3,1139.64,1406.0,1980.78,0.0,False
40 to 47,IMG_0040.xml,IMG_0040.mov,32,1621.46,1921.34,1695.7,2003.9,912.3,1139.64,1406.0,1980.78,0.0,False
40 to 47,IMG_0044.xml,IMG_0044.mov,30,1861.68,1543.63,2145.04,1817.22,912.3,1139.64,1406.0,1980.78,0.0,False
40 to 47,IMG_0045.xml,IMG_0045.mov,30,1822.6,1826.99,2037.56,1944.2,912.3,1139.64,1406.0,1980.78,0.0,False
40 to 47,IMG_0045.xml,IMG_0045.mov,31,2101.07,1612.0,2160.0,1709.7,912.3,1139.64,1406.0,1980.78,0.0,False
40 to 47,IMG_0047.xml,IMG_0047.mov,23,1720.0,1822.11,1983.8,1954.01,912.3,1139.64,1406.0,1980.78,0.0,False
40 to 47,IMG_0046.xml,IMG_0046.mov,29,1842.14,1670.66,2076.64,1792.79,912.3,1139.64,1406.0,1980.78,0.0,False
40 to 47,IMG_0046.xml,IMG_0046.mov,30,1392.67,1797.68,1739.5,1919.82,912.3,1139.64,1406.0,1980.78,0.03843381483723994,False
83 to 85,IMG_0083.xml,IMG_0083.mov,5,3525.1,406.07,3688.03,554.19,862.6,546.78,1395.9,1287.38,0.0,False
83 to 85,IMG_0083.xml,IMG_0083.mov,6,3151.1,406.07,3325.14,554.19,862.6,546.78,1395.9,1287.38,0.0,False
83 to 85,IMG_0083.xml,IMG_0083.mov,7,2806.72,431.99,2980.76,580.11,862.6,546.78,1395.9,1287.38,0.0,False
83 to 85,IMG_0083.xml,IMG_0083.mov,8,2462.34,469.02,2636.38,617.14,862.6,546.78,1395.9,1287.38,0.0,False
83 to 85,IMG_0083.xml,IMG_0083.mov,9,2125.37,528.27,2299.41,676.39,862.6,546.78,1395.9,1287.38,0.0,False
83 to 85,IMG_0083.xml,IMG_0083.mov,10,1803.21,598.62,1977.25,746.74,862.6,546.78,1395.9,1287.38,0.0,False
83 to 85,IMG_0083.xml,IMG_0083.mov,11,1492.16,683.79,1666.2,831.91,862.6,546.78,1395.9,1287.38,0.0,False
83 to 85,IMG_0083.xml,IMG_0083.mov,12,1192.22,783.77,1366.26,931.89,862.6,546.78,1395.9,1287.38,1.0,True
83 to 85,IMG_0083.xml,IMG_0083.mov,13,895.98,876.35,1070.02,1024.47,862.6,546.78,1395.9,1287.38,1.0,True
83 to 85,IMG_0083.xml,IMG_0083.mov,14,1455.1,46.9,1769.8,372.74,862.6,546.78,1395.9,1287.38,0.0,False
83 to 85,IMG_0084.xml,IMG_0084.mov,22,3788.01,724.53,3828.74,809.7,862.6,546.78,1395.9,1287.38,0.0,False
83 to 85,IMG_0084.xml,IMG_0084.mov,23,3506.6,728.2,3632.48,817.1,862.6,546.78,1395.9,1287.38,0.0,False
83 to 85,IMG_0084.xml,IMG_0084.mov,24,3114.1,735.61,3291.81,835.62,862.6,546.78,1395.9,1287.38,0.0,False
83 to 85,IMG_0084.xml,IMG_0084.mov,25,2769.7,761.5,2958.54,880.05,862.6,546.78,1395.9,1287.38,0.0,False
83 to 85,IMG_0084.xml,IMG_0084.mov,26,2451.24,805.94,2640.08,924.49,862.6,546.78,1395.9,1287.38,0.0,False
83 to 85,IMG_0084.xml,IMG_0084.mov,27,2136.49,861.48,2325.33,980.03,862.6,546.78,1395.9,1287.38,0.0,False
83 to 85,IMG_0084.xml,IMG_0084.mov,28,1825.44,939.24,2014.28,1057.79,862.6,546.78,1395.9,1287.38,0.0,False
83 to 85,IMG_0084.xml,IMG_0084.mov,29,1547.66,1020.76,1721.74,1128.15,862.6,546.78,1395.9,1287.38,0.0,False
83 to 85,IMG_0084.xml,IMG_0084.mov,30,1269.94,1105.93,1444.02,1213.32,862.6,546.78,1395.9,1287.38,0.7235753676470593,True
83 to 85,IMG_0084.xml,IMG_0084.mov,31,1107.01,1191.09,1488.5,1298.49,862.6,546.78,1395.9,1287.38,0.6789319644578972,True
83 to 85,IMG_0084.xml,IMG_0084.mov,32,2280.9,1242.94,2614.2,1350.33,862.6,546.78,1395.9,1287.38,0.0,False
83 to 85,IMG_0084.xml,IMG_0084.mov,33,3210.35,1291.08,3514.0,1398.47,862.6,546.78,1395.9,1287.38,0.0,False
83 to 85,IMG_0085.xml,IMG_0085.mov,10,3494.38,648.11,3638.38,777.4,862.6,546.78,1395.9,1287.38,0.0,False
83 to 85,IMG_0085.xml,IMG_0085.mov,11,3084.53,648.11,3271.3,777.4,862.6,546.78,1395.9,1287.38,0.0,False
83 to 85,IMG_0085.xml,IMG_0085.mov,12,2703.19,701.56,2889.96,830.86,862.6,546.78,1395.9,1287.38,0.0,False
83 to 85,IMG_0085.xml,IMG_0085.mov,13,2332.54,744.33,2519.31,873.63,862.6,546.78,1395.9,1287.38,0.0,False
83 to 85,IMG_0085.xml,IMG_0085.mov,14,1976.14,801.36,2162.92,930.65,862.6,546.78,1395.9,1287.38,0.0,False
83 to 85,IMG_0085.xml,IMG_0085.mov,15,1740.92,851.25,1927.7,980.55,862.6,546.78,1395.9,1287.38,0.0,False
83 to 85,IMG_0085.xml,IMG_0085.mov,16,1944.07,516.2,2369.6,805.91,862.6,546.78,1395.9,1287.38,0.0,False
30 to 39,IMG_0035.xml,IMG_0035.mov,28,1623.56,1580.6,1881.28,1713.76,912.3,1237.16,1399.9,2060.02,0.0,False
30 to 39,IMG_0035.xml,IMG_0035.mov,29,1172.51,1726.69,1413.1,1816.85,912.3,1237.16,1399.9,2060.02,0.9451348767612958,True
30 to 39,IMG_0034.xml,IMG_0034.mov,27,1589.2,1619.26,1821.14,1730.94,912.3,1237.16,1399.9,2060.02,0.0,False
30 to 39,IMG_0034.xml,IMG_0034.mov,28,1013.6,1743.8,1228.4,1859.8,912.3,1237.16,1399.9,2060.02,1.0,True
30 to 39,IMG_0034.xml,IMG_0034.mov,29,1795.3,1700.9,2113.2,1791.1,912.3,1237.16,1399.9,2060.02,0.0,False
30 to 39,IMG_0036.xml,IMG_0036.mov,26,1671.03,1551.32,1957.15,1679.32,912.3,1237.16,1399.9,2060.02,0.0,False
30 to 39,IMG_0036.xml,IMG_0036.mov,27,1488.83,1471.89,1896.45,1679.29,912.3,1237.16,1399.9,2060.02,0.0,False
30 to 39,IMG_0037.xml,IMG_0037.mov,25,1760.45,1586.98,2028.54,1735.67,912.3,1237.16,1399.9,2060.02,0.0,False
30 to 39,IMG_0037.xml,IMG_0037.mov,26,1264.82,1715.39,1546.4,1841.5,912.3,1237.16,1399.9,2060.02,0.4797215711343138,True
30 to 39,IMG_0033.xml,IMG_0033.mov,26,1937.51,1680.53,2160.0,1802.67,912.3,1237.16,1399.9,2060.02,0.0,False
30 to 39,IMG_0033.xml,IMG_0033.mov,27,1346.37,1802.67,1568.86,1924.81,912.3,1237.16,1399.9,2060.02,0.24059508292507614,False
30 to 39,IMG_0033.xml,IMG_0033.mov,28,1038.6,1788.02,1339.24,1973.7,912.3,1237.16,1399.9,2060.02,1.0,True
30 to 39,IMG_0032.xml,IMG_0032.mov,28,2005.9,1531.4,2160.0,1641.72,912.3,1237.16,1399.9,2060.02,0.0,False
30 to 39,IMG_0032.xml,IMG_0032.mov,29,1422.1,1649.5,1639.5,1766.4,912.3,1237.16,1399.9,2060.02,0.0,False
30 to 39,IMG_0032.xml,IMG_0032.mov,30,1363.8,1684.7,1703.4,1803.4,912.3,1237.16,1399.9,2060.02,0.10630153121319234,False
30 to 39,IMG_0030.xml,IMG_0030.mov,25,2100.1,1649.5,2160.0,1740.6,912.3,1237.16,1399.9,2060.02,0.0,False
30 to 39,IMG_0030.xml,IMG_0030.mov,26,1512.0,1763.0,1734.0,1875.7,912.3,1237.16,1399.9,2060.02,0.0,False
30 to 39,IMG_0030.xml,IMG_0030.mov,27,1730.6,1880.1,1931.34,1965.65,912.3,1237.16,1399.9,2060.02,0.0,False
30 to 39,IMG_0031.xml,IMG_0031.mov,25,1854.0,1501.5,2076.2,1616.2,912.3,1237.16,1399.9,2060.02,0.0,False
30 to 39,IMG_0031.xml,IMG_0031.mov,26,1273.8,1628.25,1488.5,1739.7,912.3,1237.16,1399.9,2060.02,0.5873311597578021,True
30 to 39,IMG_0031.xml,IMG_0031.mov,27,2126.56,1314.23,2160.0,1372.43,912.3,1237.16,1399.9,2060.02,0.0,False
74 to 79 and 170 to 173,IMG_0172.xml,,19,1109.57,1455.58,1136.11,1487.33,955.0,1119.4,1446.2,2297.69,1.0,True
74 to 79 and 170 to 173,IMG_0172.xml,,20,1102.61,1479.07,1129.15,1510.82,955.0,1119.4,1446.2,2297.69,1.0,True
74 to 79 and 170 to 173,IMG_0172.xml,,21,1092.18,1507.77,1122.6,1539.1,955.0,1119.4,1446.2,2297.69,1.0,True
74 to 79 and 170 to 173,IMG_0172.xml,,22,1083.91,1543.01,1114.8,1571.7,955.0,1119.4,1446.2,2297.69,1.0,True
74 to 79 and 170 to 173,IMG_0172.xml,,23,1080.43,1575.19,1108.3,1603.0,955.0,1119.4,1446.2,2297.69,1.0,True
74 to 79 and 170 to 173,IMG_0172.xml,,24,1077.39,1595.2,1105.26,1623.01,955.0,1119.4,1446.2,2297.69,1.0,True
74 to 79 and 170 to 173,IMG_0172.xml,,25,1076.52,1599.55,1106.6,1627.8,955.0,1119.4,1446.2,2297.69,1.0,True
74 to 79 and 170 to 173,IMG_0172.xml,,26,1075.65,1582.15,1109.2,1612.6,955.0,1119.4,1446.2,2297.69,1.0,True
74 to 79 and 170 to 173,IMG_0172.xml,,27,1074.34,1553.88,1110.5,1588.7,955.0,1119.4,1446.2,2297.69,1.0,True
74 to 79 and 170 to 173,IMG_0172.xml,,28,1073.47,1530.39,1110.9,1569.1,955.0,1119.4,1446.2,2297.69,1.0,True
74 to 79 and 170 to 173,IMG_0172.xml,,29,1073.47,1514.3,1110.9,1553.01,955.0,1119.4,1446.2,2297.69,1.0,True
74 to 79 and 170 to 173,IMG_0172.xml,,30,1073.47,1499.95,1110.9,1538.65,955.0,1119.4,1446.2,2297.69,1.0,True
74 to 79 and 170 to 173,IMG_0172.xml,,31,1071.73,1491.25,1112.2,1533.4,955.0,1119.4,1446.2,2297.69,1.0,True
74 to 79 and 170 to 173,IMG_0172.xml,,32,1068.69,1488.2,1112.6,1530.36,955.0,1119.4,1446.2,2297.69,1.0,True
74 to 79 and 170 to 173,IMG_0172.xml,,33,1066.95,1489.94,1110.86,1536.4,955.0,1119.4,1446.2,2297.69,1.0,True
74 to 79 and 170 to 173,IMG_0172.xml,,34,1064.34,1499.94,1109.6,1549.4,955.0,1119.4,1446.2,2297.69,1.0,True
74 to 79 and 170 to 173,IMG_0172.xml,,35,1059.12,1518.65,1108.3,1570.7,955.0,1119.4,1446.2,2297.69,1.0,True
74 to 79 and 170 to 173,IMG_0172.xml,,36,1056.07,1546.48,1105.26,1598.54,955.0,1119.4,1446.2,2297.69,1.0,True
74 to 79 and 170 to 173,IMG_0172.xml,,37,1050.42,1584.76,1103.5,1638.6,955.0,1119.4,1446.2,2297.69,1.0,True
74 to 79 and 170 to 173,IMG_0172.xml,,38,1042.16,1635.65,1098.7,1693.8,955.0,1119.4,1446.2,2297.69,1.0,True
74 to 79 and 170 to 173,IMG_0172.xml,,39,1035.2,1702.63,1093.9,1766.4,955.0,1119.4,1446.2,2297.69,1.0,True
74 to 79 and 170 to 173,IMG_0172.xml,,40,1022.15,1786.15,1088.2,1857.7,955.0,1119.4,1446.2,2297.69,1.0,True
74 to 79 and 170 to 173,IMG_0172.xml,,41,1010.84,1891.4,1079.9,1971.1,955.0,1119.4,1446.2,2297.69,1.0,True
74 to 79 and 170 to 173,IMG_0172.xml,,42,997.09,2020.8,1069.8,2107.0,955.0,1119.4,1446.2,2297.69,1.0,True
74 to 79 and 170 to 173,IMG_0172.xml,,43,1038.91,1449.4,1102.52,1647.0,955.0,1119.4,1446.2,2297.69,1.0,True
74 to 79 and 170 to 173,IMG_0172.xml,,44,1087.17,936.6,1147.3,1096.56,955.0,1119.4,1446.2,2297.69,0.0,False
74 to 79 and 170 to 173,IMG_0172.xml,,45,1134.12,547.7,1188.7,653.88,955.0,1119.4,1446.2,2297.69,0.0,False
74 to 79 and 170 to 173,IMG_0172.xml,,46,1171.58,253.14,1215.1,338.0,955.0,1119.4,1446.2,2297.69,0.0,False
74 to 79 and 170 to 173,IMG_0172.xml,,47,1200.71,4.66,1247.5,79.6,955.0,1119.4,1446.2,2297.69,0.0,False
74 to 79 and 170 to 173,IMG_0172.xml,,48,1181.05,4.66,1227.83,74.97,955.0,1119.4,1446.2,2297.69,0.0,False
74 to 79 and 170 to 173,IMG_0172.xml,,49,1161.38,4.66,1208.17,70.34,955.0,1119.4,1446.2,2297.69,0.0,False
74 to 79 and 170 to 173,IMG_0172.xml,,50,1141.72,4.66,1188.5,65.71,955.0,1119.4,1446.2,2297.69,0.0,False
74 to 79 and 170 to 173,IMG_0172.xml,,51,1122.05,4.66,1168.84,61.09,955.0,1119.4,1446.2,2297.69,0.0,False
74 to 79 and 170 to 173,IMG_0172.xml,,52,1102.38,4.66,1149.17,56.46,955.0,1119.4,1446.2,2297.69,0.0,False
74 to 79 and 170 to 173,IMG_0172.xml,,53,1082.72,4.66,1129.51,51.83,955.0,1119.4,1446.2,2297.69,0.0,False
74 to 79 and 170 to 173,IMG_0172.xml,,54,1063.05,4.66,1109.84,47.2,955.0,1119.4,1446.2,2297.69,0.0,False
74 to 79 and 170 to 173,IMG_0172.xml,,55,1069.13,47.17,1115.92,89.71,955.0,1119.4,1446.2,2297.69,0.0,False
74 to 79 and 170 to 173,IMG_0172.xml,,56,1080.16,81.46,1116.3,118.1,955.0,1119.4,1446.2,2297.69,0.0,False
74 to 79 and 170 to 173,IMG_0172.xml,,57,1093.96,119.29,1130.09,155.93,955.0,1119.4,1446.2,2297.69,0.0,False
74 to 79 and 170 to 173,IMG_0172.xml,,58,1104.99,155.55,1141.13,192.19,955.0,1119.4,1446.2,2297.69,0.0,False
74 to 79 and 170 to 173,IMG_0172.xml,,59,1116.42,202.05,1152.56,238.7,955.0,1119.4,1446.2,2297.69,0.0,False
74 to 79 and 170 to 173,IMG_0172.xml,,60,1127.06,250.92,1160.0,288.0,955.0,1119.4,1446.2,2297.69,0.0,False
74 to 79 and 170 to 173,IMG_0172.xml,,61,1137.7,300.18,1170.64,337.26,955.0,1119.4,1446.2,2297.69,0.0,False
74 to 79 and 170 to 173,IMG_0172.xml,,62,1146.77,355.75,1179.71,392.83,955.0,1119.4,1446.2,2297.69,0.0,False
74 to 79 and 170 to 173,IMG_0172.xml,,63,1157.8,418.02,1190.74,455.1,955.0,1119.4,1446.2,2297.69,0.0,False
74 to 79 and 170 to 173,IMG_0172.xml,,64,1167.65,482.26,1200.59,519.34,955.0,1119.4,1446.2,2297.69,0.0,False
74 to 79 and 170 to 173,IMG_0172.xml,,65,1176.32,549.65,1209.26,586.73,955.0,1119.4,1446.2,2297.69,0.0,False
74 to 79 and 170 to 173,IMG_0172.xml,,66,1185.0,620.59,1217.93,657.67,955.0,1119.4,1446.2,2297.69,0.0,False
74 to 79 and 170 to 173,IMG_0172.xml,,67,1193.27,705.32,1219.1,736.1,955.0,1119.4,1446.2,2297.69,0.0,False
74 to 79 and 170 to 173,IMG_0172.xml,,68,1201.15,782.57,1226.98,813.34,955.0,1119.4,1446.2,2297.69,0.0,False
74 to 79 and 170 to 173,IMG_0173.xml,IMG_0173.mov,0,1115.53,1304.37,1147.26,1338.8,955.0,1119.4,1446.2,2297.69,1.0,True
74 to 79 and 170 to 173,IMG_0173.xml,IMG_0173.mov,1,1108.07,1303.13,1139.79,1337.55,955.0,1119.4,1446.2,2297.69,1.0,True
74 to 79 and 170 to 173,IMG_0173.xml,IMG_0173.mov,2,1102.47,1328.01,1134.19,1362.43,955.0,1119.4,1446.2,2297.69,1.0,True
74 to 79 and 170 to 173,IMG_0173.xml,IMG_0173.mov,3,1095.63,1334.65,1127.35,1369.07,955.0,1119.4,1446.2,2297.69,1.0,True
74 to 79 and 170 to 173,IMG_0173.xml,IMG_0173.mov,4,1086.5,1366.58,1118.23,1401.0,955.0,1119.4,1446.2,2297.69,1.0,True
74 to 79 and 170 to 173,IMG_0173.xml,IMG_0173.mov,5,1080.68,1409.61,1112.4,1444.03,955.0,1119.4,1446.2,2297.69,1.0,True
74 to 79 and 170 to 173,IMG_0173.xml,IMG_0173.mov,6,1075.08,1452.32,1106.8,1486.74,955.0,1119.4,1446.2,2297.69,1.0,True
74 to 79 and 170 to 173,IMG_0173.xml,IMG_0173.mov,7,1075.08,1485.29,1106.8,1519.71,955.0,1119.4,1446.2,2297.69,1.0,True
74 to 79 and 170 to 173,IMG_0173.xml,IMG_0173.mov,8,1079.48,1503.19,1111.2,1537.62,955.0,1119.4,1446.2,2297.69,1.0,True
74 to 79 and 170 to 173,IMG_0173.xml,IMG_0173.mov,9,1087.18,1504.16,1118.91,1538.58,955.0,1119.4,1446.2,2297.69,1.0,True
74 to 79 and 170 to 173,IMG_0173.xml,IMG_0173.mov,10,1093.61,1492.6,1125.33,1527.02,955.0,1119.4,1446.2,2297.69,1.0,True
74 to 79 and 170 to 173,IMG_0173.xml,IMG_0173.mov,11,1100.35,1475.57,1132.08,1509.99,955.0,1119.4,1446.2,2297.69,1.0,True
74 to 79 and 170 to 173,IMG_0173.xml,IMG_0173.mov,12,1105.81,1454.7,1137.54,1489.12,955.0,1119.4,1446.2,2297.69,1.0,True
74 to 79 and 170 to 173,IMG_0173.xml,IMG_0173.mov,13,1106.46,1438.96,1138.18,1473.38,955.0,1119.4,1446.2,2297.69,1.0,True
74 to 79 and 170 to 173,IMG_0173.xml,IMG_0173.mov,14,1107.1,1426.75,1138.83,1461.17,955.0,1119.4,1446.2,2297.69,1.0,True
74 to 79 and 170 to 173,IMG_0173.xml,IMG_0173.mov,15,1106.46,1418.72,1138.18,1453.14,955.0,1119.4,1446.2,2297.69,1.0,True
74 to 79 and 170 to 173,IMG_0173.xml,IMG_0173.mov,16,1100.03,1420.65,1131.76,1455.07,955.0,1119.4,1446.2,2297.69,1.0,True
74 to 79 and 170 to 173,IMG_0173.xml,IMG_0173.mov,17,1095.22,1427.4,1126.94,1461.82,955.0,1119.4,1446.2,2297.69,1.0,True
74 to 79 and 170 to 173,IMG_0173.xml,IMG_0173.mov,18,1087.19,1443.46,1118.91,1477.88,955.0,1119.4,1446.2,2297.69,1.0,True
74 to 79 and 170 to 173,IMG_0173.xml,IMG_0173.mov,19,1076.91,1469.15,1108.63,1503.57,955.0,1119.4,1446.2,2297.69,1.0,True
74 to 79 and 170 to 173,IMG_0173.xml,IMG_0173.mov,20,1067.91,1498.74,1101.26,1535.05,955.0,1119.4,1446.2,2297.69,1.0,True
74 to 79 and 170 to 173,IMG_0173.xml,IMG_0173.mov,21,1060.95,1529.59,1094.29,1565.9,955.0,1119.4,1446.2,2297.69,1.0,True
74 to 79 and 170 to 173,IMG_0173.xml,IMG_0173.mov,22,1054.98,1557.45,1088.32,1593.76,955.0,1119.4,1446.2,2297.69,1.0,True
74 to 79 and 170 to 173,IMG_0173.xml,IMG_0173.mov,23,1050.5,1575.86,1083.85,1612.16,955.0,1119.4,1446.2,2297.69,1.0,True
74 to 79 and 170 to 173,IMG_0173.xml,IMG_0173.mov,24,1050.5,1569.88,1083.85,1606.19,955.0,1119.4,1446.2,2297.69,1.0,True
74 to 79 and 170 to 173,IMG_0173.xml,IMG_0173.mov,25,1051.5,1540.53,1088.28,1578.79,955.0,1119.4,1446.2,2297.69,1.0,True
74 to 79 and 170 to 173,IMG_0173.xml,IMG_0173.mov,26,1053.49,1497.75,1095.2,1544.42,955.0,1119.4,1446.2,2297.69,1.0,True
74 to 79 and 170 to 173,IMG_0173.xml,IMG_0173.mov,27,1057.96,1462.92,1099.68,1509.59,955.0,1119.4,1446.2,2297.69,1.0,True
74 to 79 and 170 to 173,IMG_0173.xml,IMG_0173.mov,28,1059.96,1429.59,1101.67,1476.26,955.0,1119.4,1446.2,2297.69,1.0,True
74 to 79 and 170 to 173,IMG_0173.xml,IMG_0173.mov,29,1064.43,1399.74,1106.15,1446.41,955.0,1119.4,1446.2,2297.69,1.0,True
74 to 79 and 170 to 173,IMG_0173.xml,IMG_0173.mov,30,1064.93,1373.37,1109.1,1422.5,955.0,1119.4,1446.2,2297.69,1.0,True
74 to 79 and 170 to 173,IMG_0173.xml,IMG_0173.mov,31,1068.41,1349.99,1112.58,1399.12,955.0,1119.4,1446.2,2297.69,1.0,True
74 to 79 and 170 to 173,IMG_0173.xml,IMG_0173.mov,32,1070.4,1333.57,1114.57,1382.7,955.0,1119.4,1446.2,2297.69,1.0,True
74 to 79 and 170 to 173,IMG_0173.xml,IMG_0173.mov,33,1070.9,1320.14,1118.6,1373.21,955.0,1119.4,1446.2,2297.69,1.0,True
74 to 79 and 170 to 173,IMG_0173.xml,IMG_0173.mov,34,1067.92,1310.68,1128.11,1373.72,955.0,1119.4,1446.2,2297.69,1.0,True
74 to 79 and 170 to 173,IMG_0173.xml,IMG_0173.mov,35,1068.91,1312.18,1129.1,1375.21,955.0,1119.4,1446.2,2297.69,1.0,True
74 to 79 and 170 to 173,IMG_0173.xml,IMG_0173.mov,36,1071.4,1323.12,1131.59,1386.16,955.0,1119.4,1446.2,2297.69,1.0,True
74 to 79 and 170 to 173,IMG_0173.xml,IMG_0173.mov,37,1073.39,1346.01,1133.58,1409.04,955.0,1119.4,1446.2,2297.69,1.0,True
74 to 79 and 170 to 173,IMG_0173.xml,IMG_0173.mov,38,1070.9,1374.36,1135.12,1442.92,955.0,1119.4,1446.2,2297.69,1.0,True
74 to 79 and 170 to 173,IMG_0173.xml,IMG_0173.mov,39,1066.92,1413.66,1137.62,1492.12,955.0,1119.4,1446.2,2297.69,1.0,True
74 to 79 and 170 to 173,IMG_0173.xml,IMG_0173.mov,40,1065.92,1468.4,1140.62,1554.81,955.0,1119.4,1446.2,2297.69,1.0,True
74 to 79 and 170 to 173,IMG_0173.xml,IMG_0173.mov,41,1063.93,1545.5,1140.1,1638.39,955.0,1119.4,1446.2,2297.69,1.0,True
74 to 79 and 170 to 173,IMG_0173.xml,IMG_0173.mov,42,1032.44,1528.34,1108.61,1699.74,955.0,1119.4,1446.2,2297.69,1.0,True
74 to 79 and 170 to 173,IMG_0173.xml,IMG_0173.mov,43,697.54,1104.17,773.71,1275.57,955.0,1119.4,1446.2,2297.69,0.0,False
74 to 79 and 170 to 173,IMG_0173.xml,IMG_0173.mov,44,555.5,863.06,631.67,1034.46,955.0,1119.4,1446.2,2297.69,0.0,False
74 to 79 and 170 to 173,IMG_0173.xml,IMG_0173.mov,45,368.73,702.26,412.82,774.87,955.0,1119.4,1446.2,2297.69,0.0,False
74 to 79 and 170 to 173,IMG_0173.xml,IMG_0173.mov,46,262.98,587.93,307.08,646.35,955.0,1119.4,1446.2,2297.69,0.0,False
74 to 79 and 170 to 173,IMG_0173.xml,IMG_0173.mov,47,191.61,510.98,235.7,565.06,955.0,1119.4,1446.2,2297.69,0.0,False
74 to 79 and 170 to 173,IMG_0173.xml,IMG_0173.mov,48,137.71,455.4,174.07,502.7,955.0,1119.4,1446.2,2297.69,0.0,False
74 to 79 and 170 to 173,IMG_0173.xml,IMG_0173.mov,49,107.53,437.36,143.88,477.57,955.0,1119.4,1446.2,2297.69,0.0,False
74 to 79 and 170 to 173,IMG_0173.xml,IMG_0173.mov,50,135.73,431.61,172.09,471.82,955.0,1119.4,1446.2,2297.69,0.0,False
74 to 79 and 170 to 173,IMG_0173.xml,IMG_0173.mov,51,175.42,429.03,215.1,469.24,955.0,1119.4,1446.2,2297.69,0.0,False
74 to 79 and 170 to 173,IMG_0173.xml,IMG_0173.mov,52,217.44,425.0,257.12,465.21,955.0,1119.4,1446.2,2297.69,0.0,False
74 to 79 and 170 to 173,IMG_0173.xml,IMG_0173.mov,53,256.59,425.58,296.26,465.79,955.0,1119.4,1446.2,2297.69,0.0,False
74 to 79 and 170 to 173,IMG_0173.xml,IMG_0173.mov,54,297.17,429.94,333.92,467.19,955.0,1119.4,1446.2,2297.69,0.0,False
74 to 79 and 170 to 173,IMG_0173.xml,IMG_0173.mov,55,332.86,433.97,369.61,471.22,955.0,1119.4,1446.2,2297.69,0.0,False
74 to 79 and 170 to 173,IMG_0173.xml,IMG_0173.mov,56,369.68,444.08,403.6,481.79,955.0,1119.4,1446.2,2297.69,0.0,False
74 to 79 and 170 to 173,IMG_0173.xml,IMG_0173.mov,57,401.92,455.02,435.84,492.73,955.0,1119.4,1446.2,2297.69,0.0,False
74 to 79 and 170 to 173,IMG_0173.xml,IMG_0173.mov,58,432.9,471.93,466.82,506.43,955.0,1119.4,1446.2,2297.69,0.0,False
74 to 79 and 170 to 173,IMG_0173.xml,IMG_0173.mov,59,462.52,493.28,496.44,522.81,955.0,1119.4,1446.2,2297.69,0.0,False
74 to 79 and 170 to 173,IMG_0173.xml,IMG_0173.mov,60,488.14,512.54,522.06,540.96,955.0,1119.4,1446.2,2297.69,0.0,False
74 to 79 and 170 to 173,IMG_0173.xml,IMG_0173.mov,61,514.8,532.13,548.72,560.55,955.0,1119.4,1446.2,2297.69,0.0,False
74 to 79 and 170 to 173,IMG_0173.xml,IMG_0173.mov,62,545.31,550.76,579.24,579.18,955.0,1119.4,1446.2,2297.69,0.0,False
74 to 79 and 170 to 173,IMG_0173.xml,IMG_0173.mov,63,575.19,555.89,609.11,584.31,955.0,1119.4,1446.2,2297.69,0.0,False
74 to 79 and 170 to 173,IMG_0173.xml,IMG_0173.mov,64,599.27,555.57,633.2,583.99,955.0,1119.4,1446.2,2297.69,0.0,False
74 to 79 and 170 to 173,IMG_0173.xml,IMG_0173.mov,65,620.6,556.47,654.53,584.89,955.0,1119.4,1446.2,2297.69,0.0,False
74 to 79 and 170 to 173,IMG_0173.xml,IMG_0173.mov,66,641.57,558.26,675.49,586.68,955.0,1119.4,1446.2,2297.69,0.0,False
74 to 79 and 170 to 173,IMG_0173.xml,IMG_0173.mov,67,663.62,564.0,697.54,592.42,955.0,1119.4,1446.2,2297.69,0.0,False
74 to 79 and 170 to 173,IMG_0171.xml,,4,1083.85,1444.76,1114.49,1473.36,955.0,1119.4,1446.2,2297.69,1.0,True
74 to 79 and 170 to 173,IMG_0171.xml,,5,1075.71,1476.0,1106.34,1504.6,955.0,1119.4,1446.2,2297.69,1.0,True
74 to 79 and 170 to 173,IMG_0171.xml,,6,1065.52,1514.71,1096.15,1543.3,955.0,1119.4,1446.2,2297.69,1.0,True
74 to 79 and 170 to 173,IMG_0171.xml,,7,1059.07,1552.06,1089.7,1580.65,955.0,1119.4,1446.2,2297.69,1.0,True
74 to 79 and 170 to 173,IMG_0171.xml,,8,1055.0,1576.0,1086.74,1606.48,955.0,1119.4,1446.2,2297.69,1.0,True
74 to 79 and 170 to 173,IMG_0171.xml,,9,1054.73,1587.3,1086.47,1617.78,955.0,1119.4,1446.2,2297.69,1.0,True
74 to 79 and 170 to 173,IMG_0171.xml,,10,1058.5,1570.08,1091.3,1600.56,955.0,1119.4,1446.2,2297.69,1.0,True
74 to 79 and 170 to 173,IMG_0171.xml,,11,1061.59,1537.77,1097.4,1573.95,955.0,1119.4,1446.2,2297.69,1.0,True
74 to 79 and 170 to 173,IMG_0171.xml,,12,1065.2,1507.15,1102.8,1546.9,955.0,1119.4,1446.2,2297.69,1.0,True
74 to 79 and 170 to 173,IMG_0171.xml,,13,1069.7,1481.48,1107.3,1521.23,955.0,1119.4,1446.2,2297.69,1.0,True
74 to 79 and 170 to 173,IMG_0171.xml,,14,1074.2,1461.21,1114.5,1500.97,955.0,1119.4,1446.2,2297.69,1.0,True
74 to 79 and 170 to 173,IMG_0171.xml,,15,1076.91,1444.1,1121.3,1487.0,955.0,1119.4,1446.2,2297.69,1.0,True
74 to 79 and 170 to 173,IMG_0171.xml,,16,1080.06,1434.65,1124.45,1477.54,955.0,1119.4,1446.2,2297.69,1.0,True
74 to 79 and 170 to 173,IMG_0171.xml,,17,1084.56,1425.64,1132.6,1473.5,955.0,1119.4,1446.2,2297.69,1.0,True
74 to 79 and 170 to 173,IMG_0171.xml,,18,1089.06,1423.84,1137.1,1471.7,955.0,1119.4,1446.2,2297.69,1.0,True
74 to 79 and 170 to 173,IMG_0171.xml,,19,1093.57,1429.69,1142.95,1479.8,955.0,1119.4,1446.2,2297.69,1.0,True
74 to 79 and 170 to 173,IMG_0171.xml,,20,1097.17,1443.2,1151.5,1498.75,955.0,1119.4,1446.2,2297.69,1.0,True
74 to 79 and 170 to 173,IMG_0171.xml,,21,1101.67,1464.82,1157.8,1524.4,955.0,1119.4,1446.2,2297.69,1.0,True
74 to 79 and 170 to 173,IMG_0171.xml,,22,1103.92,1499.94,1165.0,1562.7,955.0,1119.4,1446.2,2297.69,1.0,True
74 to 79 and 170 to 173,IMG_0171.xml,,23,1106.64,1546.98,1172.8,1610.0,955.0,1119.4,1446.2,2297.69,1.0,True
74 to 79 and 170 to 173,IMG_0171.xml,,24,1109.65,1613.01,1180.6,1682.7,955.0,1119.4,1446.2,2297.69,1.0,True
74 to 79 and 170 to 173,IMG_0171.xml,,25,1112.82,1695.25,1190.7,1771.9,955.0,1119.4,1446.2,2297.69,1.0,True
74 to 79 and 170 to 173,IMG_0171.xml,,26,1117.25,1801.53,1197.7,1883.9,955.0,1119.4,1446.2,2297.69,1.0,True
74 to 79 and 170 to 173,IMG_0171.xml,,27,1127.6,1275.4,1203.71,1454.09,955.0,1119.4,1446.2,2297.69,1.0,True
74 to 79 and 170 to 173,IMG_0171.xml,,28,1142.69,708.81,1218.81,887.5,955.0,1119.4,1446.2,2297.69,0.0,False
74 to 79 and 170 to 173,IMG_0171.xml,,29,1181.79,359.6,1218.7,431.56,955.0,1119.4,1446.2,2297.69,0.0,False
74 to 79 and 170 to 173,IMG_0171.xml,,30,1185.3,12.8,1237.92,113.5,955.0,1119.4,1446.2,2297.69,0.0,False
74 to 79 and 170 to 173,IMG_0171.xml,,38,1168.32,54.21,1197.72,100.22,955.0,1119.4,1446.2,2297.69,0.0,False
74 to 79 and 170 to 173,IMG_0171.xml,,39,1158.73,147.98,1188.12,193.99,955.0,1119.4,1446.2,2297.69,0.0,False
74 to 79 and 170 to 173,IMG_0171.xml,,40,1149.41,240.86,1178.81,286.87,955.0,1119.4,1446.2,2297.69,0.0,False
74 to 79 and 170 to 173,IMG_0171.xml,,41,1139.83,330.05,1169.23,376.06,955.0,1119.4,1446.2,2297.69,0.0,False
74 to 79 and 170 to 173,IMG_0171.xml,,42,1129.72,420.4,1159.11,466.41,955.0,1119.4,1446.2,2297.69,0.0,False
74 to 79 and 170 to 173,IMG_0171.xml,,43,1122.77,511.7,1147.7,553.0,955.0,1119.4,1446.2,2297.69,0.0,False
74 to 79 and 170 to 173,IMG_0171.xml,,44,1112.66,597.63,1137.59,638.93,955.0,1119.4,1446.2,2297.69,0.0,False
74 to 79 and 170 to 173,IMG_0171.xml,,45,1105.39,683.25,1128.7,723.6,955.0,1119.4,1446.2,2297.69,0.0,False
74 to 79 and 170 to 173,IMG_0171.xml,,46,1096.23,770.12,1121.8,812.1,955.0,1119.4,1446.2,2297.69,0.0,False
74 to 79 and 170 to 173,IMG_0171.xml,,47,1089.6,854.48,1113.9,890.4,955.0,1119.4,1446.2,2297.69,0.0,False
74 to 79 and 170 to 173,IMG_0171.xml,,48,1081.7,938.83,1105.4,975.7,955.0,1119.4,1446.2,2297.69,0.0,False
74 to 79 and 170 to 173,IMG_0171.xml,,49,1076.96,1020.33,1095.9,1060.4,955.0,1119.4,1446.2,2297.69,0.0,False
74 to 79 and 170 to 173,IMG_0171.xml,,50,1068.12,1102.47,1090.5,1139.7,955.0,1119.4,1446.2,2297.69,0.5452591995702376,True
74 to 79 and 170 to 173,IMG_0170.xml,IMG_0170.mov,50,371.04,33.5,417.4,82.7,955.0,1119.4,1446.2,2297.69,0.0,False
74 to 79 and 170 to 173,IMG_0170.xml,IMG_0170.mov,51,361.47,101.85,407.83,151.04,955.0,1119.4,1446.2,2297.69,0.0,False
74 to 79 and 170 to 173,IMG_0170.xml,IMG_0170.mov,52,350.54,175.66,396.9,224.85,955.0,1119.4,1446.2,2297.69,0.0,False
74 to 79 and 170 to 173,IMG_0170.xml,IMG_0170.mov,53,340.97,244.0,387.33,293.19,955.0,1119.4,1446.2,2297.69,0.0,False
74 to 79 and 170 to 173,IMG_0170.xml,IMG_0170.mov,54,330.04,317.81,376.4,367.0,955.0,1119.4,1446.2,2297.69,0.0,False
74 to 79 and 170 to 173,IMG_0170.xml,IMG_0170.mov,55,319.98,385.66,366.34,434.85,955.0,1119.4,1446.2,2297.69,0.0,False
74 to 79 and 170 to 173,IMG_0170.xml,IMG_0170.mov,56,309.93,450.99,356.29,500.19,955.0,1119.4,1446.2,2297.69,0.0,False
74 to 79 and 170 to 173,IMG_0170.xml,IMG_0170.mov,57,304.91,518.84,351.27,568.03,955.0,1119.4,1446.2,2297.69,0.0,False
74 to 79 and 170 to 173,IMG_0170.xml,IMG_0170.mov,60,285.45,724.45,321.2,763.6,955.0,1119.4,1446.2,2297.69,0.0,False
74 to 79 and 170 to 173,IMG_0170.xml,IMG_0170.mov,61,274.26,781.34,310.01,820.49,955.0,1119.4,1446.2,2297.69,0.0,False
74 to 79 and 170 to 173,IMG_0170.xml,IMG_0170.mov,62,278.92,845.7,314.67,884.85,955.0,1119.4,1446.2,2297.69,0.0,False
74 to 79 and 170 to 173,IMG_0170.xml,IMG_0170.mov,63,279.85,898.86,315.61,938.01,955.0,1119.4,1446.2,2297.69,0.0,False
74 to 79 and 170 to 173,IMG_0170.xml,IMG_0170.mov,0,1115.11,1331.49,1157.35,1373.73,955.0,1119.4,1446.2,2297.69,1.0,True
74 to 79 and 170 to 173,IMG_0170.xml,IMG_0170.mov,1,1115.11,1327.65,1157.35,1369.89,955.0,1119.4,1446.2,2297.69,1.0,True
74 to 79 and 170 to 173,IMG_0170.xml,IMG_0170.mov,2,1105.51,1325.73,1147.75,1367.97,955.0,1119.4,1446.2,2297.69,1.0,True
74 to 79 and 170 to 173,IMG_0170.xml,IMG_0170.mov,3,1092.07,1343.01,1134.31,1385.25,955.0,1119.4,1446.2,2297.69,1.0,True
74 to 79 and 170 to 173,IMG_0170.xml,IMG_0170.mov,4,1088.23,1366.05,1130.47,1408.29,955.0,1119.4,1446.2,2297.69,1.0,True
74 to 79 and 170 to 173,IMG_0170.xml,IMG_0170.mov,5,1076.71,1394.85,1118.95,1437.09,955.0,1119.4,1446.2,2297.69,1.0,True
74 to 79 and 170 to 173,IMG_0170.xml,IMG_0170.mov,6,1070.95,1433.25,1113.19,1475.49,955.0,1119.4,1446.2,2297.69,1.0,True
74 to 79 and 170 to 173,IMG_0170.xml,IMG_0170.mov,7,1069.03,1467.81,1111.27,1510.05,955.0,1119.4,1446.2,2297.69,1.0,True
74 to 79 and 170 to 173,IMG_0170.xml,IMG_0170.mov,8,1070.95,1492.77,1113.19,1535.01,955.0,1119.4,1446.2,2297.69,1.0,True
74 to 79 and 170 to 173,IMG_0170.xml,IMG_0170.mov,9,1074.79,1504.29,1117.03,1546.53,955.0,1119.4,1446.2,2297.69,1.0,True
74 to 79 and 170 to 173,IMG_0170.xml,IMG_0170.mov,10,1084.39,1504.29,1126.63,1546.53,955.0,1119.4,1446.2,2297.69,1.0,True
74 to 79 and 170 to 173,IMG_0170.xml,IMG_0170.mov,11,1088.23,1488.93,1130.47,1531.17,955.0,1119.4,1446.2,2297.69,1.0,True
74 to 79 and 170 to 173,IMG_0170.xml,IMG_0170.mov,12,1097.83,1475.49,1140.07,1517.73,955.0,1119.4,1446.2,2297.69,1.0,True
74 to 79 and 170 to 173,IMG_0170.xml,IMG_0170.mov,13,1101.67,1450.53,1143.91,1492.77,955.0,1119.4,1446.2,2297.69,1.0,True
74 to 79 and 170 to 173,IMG_0170.xml,IMG_0170.mov,14,1103.59,1435.17,1145.83,1477.41,955.0,1119.4,1446.2,2297.69,1.0,True
74 to 79 and 170 to 173,IMG_0170.xml,IMG_0170.mov,15,1105.51,1427.49,1147.75,1469.73,955.0,1119.4,1446.2,2297.69,1.0,True
74 to 79 and 170 to 173,IMG_0170.xml,IMG_0170.mov,16,1099.75,1423.65,1141.99,1465.89,955.0,1119.4,1446.2,2297.69,1.0,True
74 to 79 and 170 to 173,IMG_0170.xml,IMG_0170.mov,17,1093.99,1427.49,1136.23,1469.73,955.0,1119.4,1446.2,2297.69,1.0,True
74 to 79 and 170 to 173,IMG_0170.xml,IMG_0170.mov,18,1088.23,1442.85,1130.47,1485.09,955.0,1119.4,1446.2,2297.69,1.0,True
74 to 79 and 170 to 173,IMG_0170.xml,IMG_0170.mov,19,1074.79,1465.89,1117.03,1508.13,955.0,1119.4,1446.2,2297.69,1.0,True
74 to 79 and 170 to 173,IMG_0170.xml,IMG_0170.mov,20,1069.03,1494.69,1111.27,1536.93,955.0,1119.4,1446.2,2297.69,1.0,True
74 to 79 and 170 to 173,IMG_0170.xml,IMG_0170.mov,21,1055.59,1527.33,1097.83,1569.57,955.0,1119.4,1446.2,2297.69,1.0,True
74 to 79 and 170 to 173,IMG_0170.xml,IMG_0170.mov,22,1055.59,1556.13,1097.83,1598.37,955.0,1119.4,1446.2,2297.69,1.0,True
74 to 79 and 170 to 173,IMG_0170.xml,IMG_0170.mov,23,1047.91,1575.33,1090.15,1617.57,955.0,1119.4,1446.2,2297.69,1.0,True
74 to 79 and 170 to 173,IMG_0170.xml,IMG_0170.mov,24,1045.99,1586.85,1088.23,1629.09,955.0,1119.4,1446.2,2297.69,1.0,True
74 to 79 and 170 to 173,IMG_0170.xml,IMG_0170.mov,25,1049.83,1571.49,1092.07,1613.73,955.0,1119.4,1446.2,2297.69,1.0,True
74 to 79 and 170 to 173,IMG_0170.xml,IMG_0170.mov,26,1057.51,1542.69,1099.75,1584.93,955.0,1119.4,1446.2,2297.69,1.0,True
74 to 79 and 170 to 173,IMG_0170.xml,IMG_0170.mov,27,1067.11,1513.89,1109.35,1556.13,955.0,1119.4,1446.2,2297.69,1.0,True
74 to 79 and 170 to 173,IMG_0170.xml,IMG_0170.mov,28,1072.87,1487.01,1115.11,1529.25,955.0,1119.4,1446.2,2297.69,1.0,True
74 to 79 and 170 to 173,IMG_0170.xml,IMG_0170.mov,29,1080.55,1463.97,1122.79,1506.21,955.0,1119.4,1446.2,2297.69,1.0,True
74 to 79 and 170 to 173,IMG_0170.xml,IMG_0170.mov,30,1086.31,1448.61,1128.55,1490.85,955.0,1119.4,1446.2,2297.69,1.0,True
74 to 79 and 170 to 173,IMG_0170.xml,IMG_0170.mov,31,1092.07,1433.25,1134.31,1475.49,955.0,1119.4,1446.2,2297.69,1.0,True
74 to 79 and 170 to 173,IMG_0170.xml,IMG_0170.mov,32,1093.99,1423.65,1143.92,1473.62,955.0,1119.4,1446.2,2297.69,1.0,True
74 to 79 and 170 to 173,IMG_0170.xml,IMG_0170.mov,33,1103.59,1423.65,1153.52,1473.62,955.0,1119.4,1446.2,2297.69,1.0,True
74 to 79 and 170 to 173,IMG_0170.xml,IMG_0170.mov,34,1109.35,1427.49,1159.28,1477.46,955.0,1119.4,1446.2,2297.69,1.0,True
74 to 79 and 170 to 173,IMG_0170.xml,IMG_0170.mov,35,1113.22,1439.02,1168.9,1496.7,955.0,1119.4,1446.2,2297.69,1.0,True
74 to 79 and 170 to 173,IMG_0170.xml,IMG_0170.mov,36,1120.9,1462.06,1176.58,1519.74,955.0,1119.4,1446.2,2297.69,1.0,True
74 to 79 and 170 to 173,IMG_0170.xml,IMG_0170.mov,37,1130.5,1494.7,1186.18,1552.38,955.0,1119.4,1446.2,2297.69,1.0,True
74 to 79 and 170 to 173,IMG_0170.xml,IMG_0170.mov,38,1134.3,1538.9,1199.6,1606.1,955.0,1119.4,1446.2,2297.69,1.0,True
74 to 79 and 170 to 173,IMG_0170.xml,IMG_0170.mov,39,1141.98,1602.26,1207.28,1669.46,955.0,1119.4,1446.2,2297.69,1.0,True
74 to 79 and 170 to 173,IMG_0170.xml,IMG_0170.mov,40,1141.98,1675.22,1224.6,1759.7,955.0,1119.4,1446.2,2297.69,1.0,True
74 to 79 and 170 to 173,IMG_0170.xml,IMG_0170.mov,41,1153.5,1769.3,1238.0,1865.3,955.0,1119.4,1446.2,2297.69,1.0,True
74 to 79 and 170 to 173,IMG_0170.xml,IMG_0170.mov,42,1136.2,1794.3,1247.6,1953.6,955.0,1119.4,1446.2,2297.69,1.0,True
74 to 79 and 170 to 173,IMG_0170.xml,IMG_0170.mov,43,867.4,1116.54,986.5,1293.1,955.0,1119.4,1446.2,2297.69,0.26019939989431357,False
74 to 79 and 170 to 173,IMG_0170.xml,IMG_0170.mov,44,690.92,643.7,798.4,792.4,955.0,1119.4,1446.2,2297.69,0.0,False
74 to 79 and 170 to 173,IMG_0170.xml,IMG_0170.mov,45,596.08,348.64,666.7,457.8,955.0,1119.4,1446.2,2297.69,0.0,False
74 to 79 and 170 to 173,IMG_0170.xml,IMG_0170.mov,46,514.27,136.62,571.5,215.7,955.0,1119.4,1446.2,2297.69,0.0,False
74 to 79 and 170 to 173,IMG_0170.xml,IMG_0170.mov,47,450.83,0.0,508.1,48.8,955.0,1119.4,1446.2,2297.69,0.0,False
74 to 79 and 170 to 173,IMG_0170.xml,IMG_0170.mov,0,1254.62,1441.41,1298.0,1485.88,955.0,1119.4,1446.2,2297.69,1.0,True
74 to 79 and 170 to 173,IMG_0170.xml,IMG_0170.mov,1,1257.87,1441.41,1301.26,1485.88,955.0,1119.4,1446.2,2297.69,1.0,True
74 to 79 and 170 to 173,IMG_0170.xml,IMG_0170.mov,2,1264.38,1443.58,1307.77,1488.05,955.0,1119.4,1446.2,2297.69,1.0,True
74 to 79 and 170 to 173,IMG_0170.xml,IMG_0170.mov,3,1264.38,1442.49,1307.77,1486.96,955.0,1119.4,1446.2,2297.69,1.0,True
74 to 79 and 170 to 173,IMG_0170.xml,IMG_0170.mov,4,1270.89,1441.41,1314.27,1485.88,955.0,1119.4,1446.2,2297.69,1.0,True
74 to 79 and 170 to 173,IMG_0170.xml,IMG_0170.mov,5,1281.73,1441.41,1325.12,1485.88,955.0,1119.4,1446.2,2297.69,1.0,True
74 to 79 and 170 to 173,IMG_0170.xml,IMG_0170.mov,6,1283.9,1434.9,1327.29,1479.37,955.0,1119.4,1446.2,2297.69,1.0,True
74 to 79 and 170 to 173,IMG_0170.xml,IMG_0170.mov,7,1292.58,1429.47,1335.97,1473.95,955.0,1119.4,1446.2,2297.69,1.0,True
74 to 79 and 170 to 173,IMG_0170.xml,IMG_0170.mov,8,1300.17,1430.56,1343.56,1475.03,955.0,1119.4,1446.2,2297.69,1.0,True
74 to 79 and 170 to 173,IMG_0170.xml,IMG_0170.mov,9,1306.68,1427.31,1350.07,1471.78,955.0,1119.4,1446.2,2297.69,1.0,True
74 to 79 and 170 to 173,IMG_0170.xml,IMG_0170.mov,10,1311.02,1427.31,1354.41,1471.78,955.0,1119.4,1446.2,2297.69,1.0,True
74 to 79 and 170 to 173,IMG_0170.xml,IMG_0170.mov,11,1318.62,1428.39,1362.0,1472.86,955.0,1119.4,1446.2,2297.69,1.0,True
74 to 79 and 170 to 173,IMG_0170.xml,IMG_0170.mov,12,1325.12,1428.39,1368.51,1472.86,955.0,1119.4,1446.2,2297.69,1.0,True
74 to 79 and 170 to 173,IMG_0170.xml,IMG_0170.mov,13,1325.77,1429.91,1369.16,1474.38,955.0,1119.4,1446.2,2297.69,1.0,True
74 to 79 and 170 to 173,IMG_0170.xml,IMG_0170.mov,14,1326.43,1431.43,1369.81,1475.9,955.0,1119.4,1446.2,2297.69,1.0,True
74 to 79 and 170 to 173,IMG_0170.xml,IMG_0170.mov,15,1327.08,1432.95,1370.47,1477.42,955.0,1119.4,1446.2,2297.69,1.0,True
74 to 79 and 170 to 173,IMG_0170.xml,IMG_0170.mov,16,1327.73,1434.46,1371.12,1478.94,955.0,1119.4,1446.2,2297.69,1.0,True
74 to 79 and 170 to 173,IMG_0170.xml,IMG_0170.mov,17,1328.38,1435.98,1371.77,1480.46,955.0,1119.4,1446.2,2297.69,1.0,True
74 to 79 and 170 to 173,IMG_0170.xml,IMG_0170.mov,18,1328.38,1439.78,1371.77,1484.25,955.0,1119.4,1446.2,2297.69,1.0,True
74 to 79 and 170 to 173,IMG_0170.xml,IMG_0170.mov,19,1328.38,1443.58,1371.77,1488.05,955.0,1119.4,1446.2,2297.69,1.0,True
74 to 79 and 170 to 173,IMG_0170.xml,IMG_0170.mov,20,1322.95,1449.54,1366.34,1494.01,955.0,1119.4,1446.2,2297.69,1.0,True
74 to 79 and 170 to 173,IMG_0170.xml,IMG_0170.mov,21,1317.53,1455.51,1360.92,1499.98,955.0,1119.4,1446.2,2297.69,1.0,True
74 to 79 and 170 to 173,IMG_0170.xml,IMG_0170.mov,22,1313.73,1456.05,1357.12,1500.52,955.0,1119.4,1446.2,2297.69,1.0,True
74 to 79 and 170 to 173,IMG_0170.xml,IMG_0170.mov,23,1309.94,1456.59,1353.33,1501.07,955.0,1119.4,1446.2,2297.69,1.0,True
74 to 79 and 170 to 173,IMG_0170.xml,IMG_0170.mov,24,1308.85,1454.96,1352.24,1499.44,955.0,1119.4,1446.2,2297.69,1.0,True
74 to 79 and 170 to 173,IMG_0170.xml,IMG_0170.mov,25,1307.77,1453.34,1351.16,1497.81,955.0,1119.4,1446.2,2297.69,1.0,True
74 to 79 and 170 to 173,IMG_0170.xml,IMG_0170.mov,26,1300.17,1445.74,1343.56,1490.22,955.0,1119.4,1446.2,2297.69,1.0,True
74 to 79 and 170 to 173,IMG_0170.xml,IMG_0170.mov,27,1300.72,1443.03,1344.11,1487.51,955.0,1119.4,1446.2,2297.69,1.0,True
74 to 79 and 170 to 173,IMG_0170.xml,IMG_0170.mov,28,1301.26,1440.32,1344.65,1484.79,955.0,1119.4,1446.2,2297.69,1.0,True
74 to 79 and 170 to 173,IMG_0170.xml,IMG_0170.mov,29,1303.43,1434.9,1346.82,1479.37,955.0,1119.4,1446.2,2297.69,1.0,True
74 to 79 and 170 to 173,IMG_0170.xml,IMG_0170.mov,30,1305.6,1432.18,1348.99,1476.66,955.0,1119.4,1446.2,2297.69,1.0,True
74 to 79 and 170 to 173,IMG_0170.xml,IMG_0170.mov,31,1307.77,1429.47,1351.16,1473.95,955.0,1119.4,1446.2,2297.69,1.0,True
74 to 79 and 170 to 173,IMG_0170.xml,IMG_0170.mov,32,1309.94,1430.92,1353.33,1475.39,955.0,1119.4,1446.2,2297.69,1.0,True
74 to 79 and 170 to 173,IMG_0170.xml,IMG_0170.mov,33,1312.11,1432.37,1355.5,1476.84,955.0,1119.4,1446.2,2297.69,1.0,True
74 to 79 and 170 to 173,IMG_0170.xml,IMG_0170.mov,34,1314.28,1433.81,1357.67,1478.29,955.0,1119.4,1446.2,2297.69,1.0,True
74 to 79 and 170 to 173,IMG_0170.xml,IMG_0170.mov,35,1316.45,1435.26,1359.84,1479.73,955.0,1119.4,1446.2,2297.69,1.0,True
74 to 79 and 170 to 173,IMG_0170.xml,IMG_0170.mov,36,1318.62,1436.7,1362.0,1481.18,955.0,1119.4,1446.2,2297.69,1.0,True
74 to 79 and 170 to 173,IMG_0170.xml,IMG_0170.mov,37,1320.79,1438.15,1364.17,1482.62,955.0,1119.4,1446.2,2297.69,1.0,True
74 to 79 and 170 to 173,IMG_0170.xml,IMG_0170.mov,38,1325.67,1439.24,1369.06,1483.71,955.0,1119.4,1446.2,2297.69,1.0,True
74 to 79 and 170 to 173,IMG_0170.xml,IMG_0170.mov,39,1330.55,1440.32,1373.94,1484.79,955.0,1119.4,1446.2,2297.69,1.0,True
74 to 79 and 170 to 173,IMG_0170.xml,IMG_0170.mov,40,1335.43,1443.57,1378.82,1488.05,955.0,1119.4,1446.2,2297.69,1.0,True
74 to 79 and 170 to 173,IMG_0170.xml,IMG_0170.mov,41,1340.31,1446.83,1383.7,1491.3,955.0,1119.4,1446.2,2297.69,1.0,True
74 to 79 and 170 to 173,IMG_0170.xml,IMG_0170.mov,42,1348.99,1451.17,1392.38,1495.64,955.0,1119.4,1446.2,2297.69,1.0,True
74 to 79 and 170 to 173,IMG_0170.xml,IMG_0170.mov,43,1355.5,1455.51,1398.89,1499.98,955.0,1119.4,1446.2,2297.69,1.0,True
74 to 79 and 170 to 173,IMG_0170.xml,IMG_0170.mov,44,1366.34,1456.59,1409.73,1501.06,955.0,1119.4,1446.2,2297.69,1.0,True
74 to 79 and 170 to 173,IMG_0170.xml,IMG_0170.mov,45,1373.94,1455.51,1417.33,1499.98,955.0,1119.4,1446.2,2297.69,1.0,True
74 to 79 and 170 to 173,IMG_0170.xml,IMG_0170.mov,46,1381.53,1454.42,1424.92,1498.89,955.0,1119.4,1446.2,2297.69,1.0,True
74 to 79 and 170 to 173,IMG_0170.xml,IMG_0170.mov,47,1391.29,1460.93,1434.68,1505.4,955.0,1119.4,1446.2,2297.69,1.0,True
74 to 79 and 170 to 173,IMG_0170.xml,IMG_0170.mov,48,1398.89,1460.93,1442.28,1505.4,955.0,1119.4,1446.2,2297.69,1.0,True
74 to 79 and 170 to 173,IMG_0170.xml,IMG_0170.mov,49,1409.73,1460.93,1453.12,1505.4,955.0,1119.4,1446.2,2297.69,0.8405162479834094,True
74 to 79 and 170 to 173,IMG_0170.xml,IMG_0170.mov,50,1415.16,1465.81,1458.55,1510.28,955.0,1119.4,1446.2,2297.69,0.7153722055773233,True
74 to 79 and 170 to 173,IMG_0170.xml,IMG_0170.mov,51,1420.58,1470.69,1463.97,1515.16,955.0,1119.4,1446.2,2297.69,0.590458631020974,True
74 to 79 and 170 to 173,IMG_0170.xml,IMG_0170.mov,52,1423.84,1472.86,1467.22,1517.33,955.0,1119.4,1446.2,2297.69,0.5154449054864009,True
74 to 79 and 170 to 173,IMG_0170.xml,IMG_0170.mov,53,1427.09,1475.03,1470.48,1519.5,955.0,1119.4,1446.2,2297.69,0.44042406084351426,True
74 to 79 and 170 to 173,IMG_0170.xml,IMG_0170.mov,54,1426.55,1475.03,1469.94,1519.5,955.0,1119.4,1446.2,2297.69,0.45286932472920133,True
74 to 79 and 170 to 173,IMG_0170.xml,IMG_0170.mov,55,1426.01,1475.03,1469.39,1519.5,955.0,1119.4,1446.2,2297.69,0.46542185338865844,True
74 to 79 and 170 to 173,IMG_0170.xml,IMG_0170.mov,56,1425.46,1475.03,1468.85,1519.5,955.0,1119.4,1446.2,2297.69,0.47799032035031275,True
74 to 79 and 170 to 173,IMG_0170.xml,IMG_0170.mov,57,1424.92,1475.03,1468.31,1519.5,955.0,1119.4,1446.2,2297.69,0.4904355842359999,True
74 to 79 and 170 to 173,IMG_0170.xml,IMG_0170.mov,58,1424.38,1475.03,1467.77,1519.5,955.0,1119.4,1446.2,2297.69,0.5028808481216871,True
74 to 79 and 170 to 173,IMG_0170.xml,IMG_0170.mov,59,1423.84,1475.03,1467.22,1519.5,955.0,1119.4,1446.2,2297.69,0.5154449054864009,True
74 to 79 and 170 to 173,IMG_0170.xml,IMG_0170.mov,60,1423.29,1475.03,1466.68,1519.5,955.0,1119.4,1446.2,2297.69,0.5280018437427986,True
74 to 79 and 170 to 173,IMG_0170.xml,IMG_0170.mov,61,1422.75,1475.03,1466.14,1519.5,955.0,1119.4,1446.2,2297.69,0.5404471076284857,True
74 to 79 and 170 to 173,IMG_0170.xml,IMG_0170.mov,62,1418.41,1475.57,1461.8,1520.05,955.0,1119.4,1446.2,2297.69,0.6404701544134604,True
74 to 79 and 170 to 173,IMG_0170.xml,IMG_0170.mov,63,1414.07,1476.11,1457.46,1520.59,955.0,1119.4,1446.2,2297.69,0.7404932011984336,True
74 to 79 and 170 to 173,IMG_0170.xml,IMG_0170.mov,64,1411.36,1476.66,1454.75,1521.13,955.0,1119.4,1446.2,2297.69,0.8029499884766089,True
74 to 79 and 170 to 173,IMG_0170.xml,IMG_0170.mov,65,1408.65,1477.2,1452.04,1521.67,955.0,1119.4,1446.2,2297.69,0.8654067757547836,True
74 to 79 and 170 to 173,IMG_0170.xml,IMG_0170.mov,66,1404.85,1479.91,1448.24,1524.39,955.0,1119.4,1446.2,2297.69,0.9529845586540687,True
74 to 79 and 170 to 173,IMG_0170.xml,IMG_0170.mov,67,1401.06,1482.62,1444.44,1527.1,955.0,1119.4,1446.2,2297.69,1.0,True
74 to 79 and 170 to 173,IMG_0170.xml,IMG_0170.mov,68,1397.8,1484.25,1441.19,1528.72,955.0,1119.4,1446.2,2297.69,1.0,True
74 to 79 and 170 to 173,IMG_0170.xml,IMG_0170.mov,69,1394.55,1485.88,1437.94,1530.35,955.0,1119.4,1446.2,2297.69,1.0,True
74 to 79 and 170 to 173,IMG_0170.xml,IMG_0170.mov,70,1391.84,1487.5,1435.23,1531.98,955.0,1119.4,1446.2,2297.69,1.0,True
74 to 79 and 170 to 173,IMG_0170.xml,IMG_0170.mov,71,1389.12,1489.13,1432.51,1533.61,955.0,1119.4,1446.2,2297.69,1.0,True
74 to 79 and 170 to 173,IMG_0074.xml,IMG_0074.mov,39,1558.78,1494.78,1592.98,1548.52,955.0,1119.4,1446.2,2297.69,0.0,False
74 to 79 and 170 to 173,IMG_0074.xml,IMG_0074.mov,40,1544.12,1504.55,1593.0,1558.29,955.0,1119.4,1446.2,2297.69,0.0,False
74 to 79 and 170 to 173,IMG_0074.xml,IMG_0074.mov,41,1539.24,1504.55,1588.12,1582.7,955.0,1119.4,1446.2,2297.69,0.0,False
74 to 79 and 170 to 173,IMG_0074.xml,IMG_0074.mov,42,1539.24,1509.43,1578.3,1587.58,955.0,1119.4,1446.2,2297.69,0.0,False
74 to 79 and 170 to 173,IMG_0074.xml,IMG_0074.mov,43,1534.35,1509.43,1573.7,1587.58,955.0,1119.4,1446.2,2297.69,0.0,False
74 to 79 and 170 to 173,IMG_0074.xml,IMG_0074.mov,44,1534.35,1509.43,1583.4,1587.58,955.0,1119.4,1446.2,2297.69,0.0,False
74 to 79 and 170 to 173,IMG_0074.xml,IMG_0074.mov,45,1534.35,1499.66,1583.4,1577.81,955.0,1119.4,1446.2,2297.69,0.0,False
74 to 79 and 170 to 173,IMG_0074.xml,IMG_0074.mov,46,1534.35,1499.66,1588.3,1577.81,955.0,1119.4,1446.2,2297.69,0.0,False
74 to 79 and 170 to 173,IMG_0074.xml,IMG_0074.mov,47,1539.24,1494.78,1588.4,1572.93,955.0,1119.4,1446.2,2297.69,0.0,False
74 to 79 and 170 to 173,IMG_0074.xml,IMG_0074.mov,48,1544.12,1494.78,1598.2,1572.93,955.0,1119.4,1446.2,2297.69,0.0,False
74 to 79 and 170 to 173,IMG_0074.xml,IMG_0074.mov,49,1539.24,1504.55,1588.5,1582.7,955.0,1119.4,1446.2,2297.69,0.0,False
74 to 79 and 170 to 173,IMG_0074.xml,IMG_0074.mov,50,1539.24,1514.32,1598.3,1592.47,955.0,1119.4,1446.2,2297.69,0.0,False
74 to 79 and 170 to 173,IMG_0074.xml,IMG_0074.mov,51,1544.12,1538.75,1598.3,1616.9,955.0,1119.4,1446.2,2297.69,0.0,False
74 to 79 and 170 to 173,IMG_0074.xml,IMG_0074.mov,52,1534.36,1558.29,1578.8,1636.44,955.0,1119.4,1446.2,2297.69,0.0,False
74 to 79 and 170 to 173,IMG_0074.xml,IMG_0074.mov,53,1514.81,1592.48,1573.7,1670.64,955.0,1119.4,1446.2,2297.69,0.0,False
74 to 79 and 170 to 173,IMG_0074.xml,IMG_0074.mov,54,1500.16,1612.03,1559.0,1690.18,955.0,1119.4,1446.2,2297.69,0.0,False
74 to 79 and 170 to 173,IMG_0074.xml,IMG_0074.mov,55,1500.16,1612.03,1554.1,1690.18,955.0,1119.4,1446.2,2297.69,0.0,False
74 to 79 and 170 to 173,IMG_0074.xml,IMG_0074.mov,56,1490.38,1597.37,1549.2,1675.52,955.0,1119.4,1446.2,2297.69,0.0,False
74 to 79 and 170 to 173,IMG_0074.xml,IMG_0074.mov,57,1480.61,1558.29,1549.2,1636.44,955.0,1119.4,1446.2,2297.69,0.0,False
74 to 79 and 170 to 173,IMG_0074.xml,IMG_0074.mov,58,1480.61,1524.09,1544.3,1602.24,955.0,1119.4,1446.2,2297.69,0.0,False
74 to 79 and 170 to 173,IMG_0074.xml,IMG_0074.mov,59,1465.96,1489.89,1544.4,1568.04,955.0,1119.4,1446.2,2297.69,0.0,False
74 to 79 and 170 to 173,IMG_0074.xml,IMG_0074.mov,60,1461.07,1460.57,1529.8,1538.73,955.0,1119.4,1446.2,2297.69,0.0,False
74 to 79 and 170 to 173,IMG_0074.xml,IMG_0074.mov,61,1446.41,1431.26,1524.9,1509.41,955.0,1119.4,1446.2,2297.69,0.0,False
74 to 79 and 170 to 173,IMG_0074.xml,IMG_0074.mov,62,1441.53,1406.83,1515.1,1484.99,955.0,1119.4,1446.2,2297.69,0.06347696071768488,False
74 to 79 and 170 to 173,IMG_0074.xml,IMG_0074.mov,63,1417.1,1387.29,1505.3,1465.45,955.0,1119.4,1446.2,2297.69,0.329931972789117,False
74 to 79 and 170 to 173,IMG_0074.xml,IMG_0074.mov,64,1407.33,1377.52,1490.7,1455.68,955.0,1119.4,1446.2,2297.69,0.46623485666306896,True
74 to 79 and 170 to 173,IMG_0074.xml,IMG_0074.mov,65,1382.9,1362.87,1476.0,1441.02,955.0,1119.4,1446.2,2297.69,0.6799140708915147,True
74 to 79 and 170 to 173,IMG_0074.xml,IMG_0074.mov,66,1358.48,1367.75,1466.2,1445.91,955.0,1119.4,1446.2,2297.69,0.8143334571110286,True
74 to 79 and 170 to 173,IMG_0074.xml,IMG_0074.mov,67,1334.05,1357.94,1441.77,1465.45,955.0,1119.4,1446.2,2297.69,1.0,True
74 to 79 and 170 to 173,IMG_0074.xml,IMG_0074.mov,68,1314.51,1382.37,1422.23,1489.87,955.0,1119.4,1446.2,2297.69,1.0,True
74 to 79 and 170 to 173,IMG_0074.xml,IMG_0074.mov,69,1285.2,1426.34,1392.92,1533.84,955.0,1119.4,1446.2,2297.69,1.0,True
74 to 79 and 170 to 173,IMG_0074.xml,IMG_0074.mov,70,1255.88,1480.08,1363.61,1587.58,955.0,1119.4,1446.2,2297.69,1.0,True
74 to 79 and 170 to 173,IMG_0074.xml,IMG_0074.mov,71,1207.03,1553.36,1314.75,1660.87,955.0,1119.4,1446.2,2297.69,1.0,True
74 to 79 and 170 to 173,IMG_0074.xml,IMG_0074.mov,72,1148.4,1651.07,1275.7,1792.8,955.0,1119.4,1446.2,2297.69,1.0,True
74 to 79 and 170 to 173,IMG_0074.xml,IMG_0074.mov,73,1021.38,1743.89,1148.68,1885.62,955.0,1119.4,1446.2,2297.69,1.0,True
74 to 79 and 170 to 173,IMG_0074.xml,IMG_0074.mov,74,835.73,1714.58,963.0,1827.04,955.0,1119.4,1446.2,2297.69,0.06285848982478197,False
74 to 79 and 170 to 173,IMG_0074.xml,IMG_0074.mov,75,738.02,1695.04,835.96,1797.76,955.0,1119.4,1446.2,2297.69,0.0,False
74 to 79 and 170 to 173,IMG_0074.xml,IMG_0074.mov,76,650.08,1685.27,748.02,1787.98,955.0,1119.4,1446.2,2297.69,0.0,False
74 to 79 and 170 to 173,IMG_0074.xml,IMG_0074.mov,77,620.77,1704.8,704.09,1787.99,955.0,1119.4,1446.2,2297.69,0.0,False
74 to 79 and 170 to 173,IMG_0074.xml,IMG_0074.mov,78,576.8,1724.34,660.12,1807.53,955.0,1119.4,1446.2,2297.69,0.0,False
74 to 79 and 170 to 173,IMG_0074.xml,IMG_0074.mov,79,571.91,1636.4,655.23,1719.59,955.0,1119.4,1446.2,2297.69,0.0,False
74 to 79 and 170 to 173,IMG_0074.xml,IMG_0074.mov,80,552.37,1577.78,635.69,1660.96,955.0,1119.4,1446.2,2297.69,0.0,False
74 to 79 and 170 to 173,IMG_0074.xml,IMG_0074.mov,81,532.83,1524.04,616.15,1607.23,955.0,1119.4,1446.2,2297.69,0.0,False
74 to 79 and 170 to 173,IMG_0074.xml,IMG_0074.mov,82,532.83,1494.73,616.15,1577.91,955.0,1119.4,1446.2,2297.69,0.0,False
74 to 79 and 170 to 173,IMG_0074.xml,IMG_0074.mov,83,518.17,1465.42,601.49,1548.6,955.0,1119.4,1446.2,2297.69,0.0,False
74 to 79 and 170 to 173,IMG_0074.xml,IMG_0074.mov,84,523.01,1411.68,596.61,1494.86,955.0,1119.4,1446.2,2297.69,0.0,False
74 to 79 and 170 to 173,IMG_0074.xml,IMG_0074.mov,85,518.13,1357.94,591.72,1441.12,955.0,1119.4,1446.2,2297.69,0.0,False
74 to 79 and 170 to 173,IMG_0074.xml,IMG_0074.mov,86,518.13,1338.39,586.8,1421.58,955.0,1119.4,1446.2,2297.69,0.0,False
74 to 79 and 170 to 173,IMG_0074.xml,IMG_0074.mov,87,503.47,1304.2,581.9,1387.38,955.0,1119.4,1446.2,2297.69,0.0,False
74 to 79 and 170 to 173,IMG_0074.xml,IMG_0074.mov,88,503.47,1279.77,577.1,1362.95,955.0,1119.4,1446.2,2297.69,0.0,False
74 to 79 and 170 to 173,IMG_0074.xml,IMG_0074.mov,89,498.59,1250.45,567.3,1333.64,955.0,1119.4,1446.2,2297.69,0.0,False
74 to 79 and 170 to 173,IMG_0074.xml,IMG_0074.mov,90,493.7,1216.26,562.4,1299.44,955.0,1119.4,1446.2,2297.69,0.0,False
74 to 79 and 170 to 173,IMG_0074.xml,IMG_0074.mov,91,479.05,1206.49,547.8,1289.67,955.0,1119.4,1446.2,2297.69,0.0,False
74 to 79 and 170 to 173,IMG_0074.xml,IMG_0074.mov,92,469.28,1182.06,538.1,1265.24,955.0,1119.4,1446.2,2297.69,0.0,False
74 to 79 and 170 to 173,IMG_0074.xml,IMG_0074.mov,93,459.51,1162.52,528.3,1245.7,955.0,1119.4,1446.2,2297.69,0.0,False
74 to 79 and 170 to 173,IMG_0074.xml,IMG_0074.mov,94,449.74,1152.75,538.0,1235.93,955.0,1119.4,1446.2,2297.69,0.0,False
74 to 79 and 170 to 173,IMG_0074.xml,IMG_0074.mov,95,449.74,1147.86,508.7,1231.04,955.0,1119.4,1446.2,2297.69,0.0,False
74 to 79 and 170 to 173,IMG_0074.xml,IMG_0074.mov,96,439.96,1133.2,513.6,1216.39,955.0,1119.4,1446.2,2297.69,0.0,False
74 to 79 and 170 to 173,IMG_0074.xml,IMG_0074.mov,97,430.19,1128.32,503.8,1211.5,955.0,1119.4,1446.2,2297.69,0.0,False
74 to 79 and 170 to 173,IMG_0074.xml,IMG_0074.mov,98,425.31,1128.32,494.1,1211.5,955.0,1119.4,1446.2,2297.69,0.0,False
74 to 79 and 170 to 173,IMG_0074.xml,IMG_0074.mov,99,415.54,1123.43,479.4,1206.62,955.0,1119.4,1446.2,2297.69,0.0,False
74 to 79 and 170 to 173,IMG_0078.xml,IMG_0078.mov,26,1625.67,1411.88,1653.1,1438.65,955.0,1119.4,1446.2,2297.69,0.0,False
74 to 79 and 170 to 173,IMG_0078.xml,IMG_0078.mov,27,1621.75,1428.2,1649.18,1454.97,955.0,1119.4,1446.2,2297.69,0.0,False
74 to 79 and 170 to 173,IMG_0078.xml,IMG_0078.mov,28,1612.61,1447.79,1640.04,1474.56,955.0,1119.4,1446.2,2297.69,0.0,False
74 to 79 and 170 to 173,IMG_0078.xml,IMG_0078.mov,29,1602.81,1475.22,1630.24,1501.99,955.0,1119.4,1446.2,2297.69,0.0,False
74 to 79 and 170 to 173,IMG_0078.xml,IMG_0078.mov,30,1600.2,1496.11,1627.63,1522.89,955.0,1119.4,1446.2,2297.69,0.0,False
74 to 79 and 170 to 173,IMG_0078.xml,IMG_0078.mov,31,1600.2,1518.31,1612.61,1540.5,955.0,1119.4,1446.2,2297.69,0.0,False
74 to 79 and 170 to 173,IMG_0078.xml,IMG_0078.mov,32,1569.51,1540.52,1581.92,1562.7,955.0,1119.4,1446.2,2297.69,0.0,False
74 to 79 and 170 to 173,IMG_0078.xml,IMG_0078.mov,33,1561.02,1556.19,1577.3,1578.4,955.0,1119.4,1446.2,2297.69,0.0,False
74 to 79 and 170 to 173,IMG_0078.xml,IMG_0078.mov,34,1557.75,1562.72,1576.0,1585.6,955.0,1119.4,1446.2,2297.69,0.0,False
74 to 79 and 170 to 173,IMG_0078.xml,IMG_0078.mov,35,1550.57,1563.37,1571.4,1586.3,955.0,1119.4,1446.2,2297.69,0.0,False
74 to 79 and 170 to 173,IMG_0078.xml,IMG_0078.mov,36,1550.57,1563.03,1574.0,1586.3,955.0,1119.4,1446.2,2297.69,0.0,False
74 to 79 and 170 to 173,IMG_0078.xml,IMG_0078.mov,37,1550.57,1562.7,1576.6,1586.3,955.0,1119.4,1446.2,2297.69,0.0,False
74 to 79 and 170 to 173,IMG_0078.xml,IMG_0078.mov,38,1548.61,1547.68,1575.9,1577.8,955.0,1119.4,1446.2,2297.69,0.0,False
74 to 79 and 170 to 173,IMG_0078.xml,IMG_0078.mov,39,1550.57,1541.8,1577.86,1571.92,955.0,1119.4,1446.2,2297.69,0.0,False
74 to 79 and 170 to 173,IMG_0078.xml,IMG_0078.mov,40,1550.57,1535.93,1577.86,1566.05,955.0,1119.4,1446.2,2297.69,0.0,False
74 to 79 and 170 to 173,IMG_0078.xml,IMG_0078.mov,41,1551.22,1533.97,1578.51,1564.09,955.0,1119.4,1446.2,2297.69,0.0,False
74 to 79 and 170 to 173,IMG_0078.xml,IMG_0078.mov,42,1549.59,1535.6,1576.88,1565.72,955.0,1119.4,1446.2,2297.69,0.0,False
74 to 79 and 170 to 173,IMG_0078.xml,IMG_0078.mov,43,1547.96,1537.23,1575.25,1567.35,955.0,1119.4,1446.2,2297.69,0.0,False
74 to 79 and 170 to 173,IMG_0078.xml,IMG_0078.mov,44,1545.34,1547.68,1572.63,1577.8,955.0,1119.4,1446.2,2297.69,0.0,False
74 to 79 and 170 to 173,IMG_0078.xml,IMG_0078.mov,45,1540.77,1566.62,1568.06,1596.74,955.0,1119.4,1446.2,2297.69,0.0,False
74 to 79 and 170 to 173,IMG_0078.xml,IMG_0078.mov,46,1537.51,1586.21,1564.8,1616.33,955.0,1119.4,1446.2,2297.69,0.0,False
74 to 79 and 170 to 173,IMG_0078.xml,IMG_0078.mov,47,1528.37,1605.8,1557.6,1638.5,955.0,1119.4,1446.2,2297.69,0.0,False
74 to 79 and 170 to 173,IMG_0078.xml,IMG_0078.mov,48,1521.84,1628.0,1551.07,1660.7,955.0,1119.4,1446.2,2297.69,0.0,False
74 to 79 and 170 to 173,IMG_0078.xml,IMG_0078.mov,49,1514.0,1639.76,1543.23,1672.46,955.0,1119.4,1446.2,2297.69,0.0,False
74 to 79 and 170 to 173,IMG_0078.xml,IMG_0078.mov,50,1501.6,1635.19,1534.74,1667.9,955.0,1119.4,1446.2,2297.69,0.0,False
74 to 79 and 170 to 173,IMG_0078.xml,IMG_0078.mov,51,1495.7,1606.45,1532.78,1639.2,955.0,1119.4,1446.2,2297.69,0.0,False
74 to 79 and 170 to 173,IMG_0078.xml,IMG_0078.mov,52,1494.6,1559.0,1538.4,1601.9,955.0,1119.4,1446.2,2297.69,0.0,False
74 to 79 and 170 to 173,IMG_0078.xml,IMG_0078.mov,53,1497.42,1511.03,1541.22,1553.93,955.0,1119.4,1446.2,2297.69,0.0,False
74 to 79 and 170 to 173,IMG_0078.xml,IMG_0078.mov,54,1499.68,1463.62,1543.48,1506.52,955.0,1119.4,1446.2,2297.69,0.0,False
74 to 79 and 170 to 173,IMG_0078.xml,IMG_0078.mov,55,1501.94,1419.6,1545.2,1467.6,955.0,1119.4,1446.2,2297.69,0.0,False
74 to 79 and 170 to 173,IMG_0078.xml,IMG_0078.mov,56,1501.37,1378.96,1548.0,1427.0,955.0,1119.4,1446.2,2297.69,0.0,False
74 to 79 and 170 to 173,IMG_0078.xml,IMG_0078.mov,57,1501.94,1339.46,1548.6,1389.2,955.0,1119.4,1446.2,2297.69,0.0,False
74 to 79 and 170 to 173,IMG_0078.xml,IMG_0078.mov,58,1500.81,1303.9,1552.0,1354.2,955.0,1119.4,1446.2,2297.69,0.0,False
74 to 79 and 170 to 173,IMG_0078.xml,IMG_0078.mov,59,1500.9,1272.1,1553.35,1326.2,955.0,1119.4,1446.2,2297.69,0.0,False
74 to 79 and 170 to 173,IMG_0078.xml,IMG_0078.mov,60,1498.4,1247.65,1552.9,1306.0,955.0,1119.4,1446.2,2297.69,0.0,False
74 to 79 and 170 to 173,IMG_0078.xml,IMG_0078.mov,61,1494.6,1226.15,1557.1,1289.1,955.0,1119.4,1446.2,2297.69,0.0,False
74 to 79 and 170 to 173,IMG_0078.xml,IMG_0078.mov,62,1492.49,1214.34,1554.99,1277.3,955.0,1119.4,1446.2,2297.69,0.0,False
74 to 79 and 170 to 173,IMG_0078.xml,IMG_0078.mov,63,1487.4,1205.5,1557.9,1277.3,955.0,1119.4,1446.2,2297.69,0.0,False
74 to 79 and 170 to 173,IMG_0078.xml,IMG_0078.mov,64,1479.4,1210.6,1556.2,1289.5,955.0,1119.4,1446.2,2297.69,0.0,False
74 to 79 and 170 to 173,IMG_0078.xml,IMG_0078.mov,65,1471.8,1228.73,1553.18,1313.7,955.0,1119.4,1446.2,2297.69,0.0,False
74 to 79 and 170 to 173,IMG_0078.xml,IMG_0078.mov,66,1465.76,1258.2,1550.2,1353.7,955.0,1119.4,1446.2,2297.69,0.0,False
74 to 79 and 170 to 173,IMG_0078.xml,IMG_0078.mov,67,1452.2,1308.82,1544.2,1416.4,955.0,1119.4,1446.2,2297.69,0.0,False
74 to 79 and 170 to 173,IMG_0078.xml,IMG_0078.mov,68,1440.11,1382.11,1541.2,1506.3,955.0,1119.4,1446.2,2297.69,0.060243347512119266,False
74 to 79 and 170 to 173,IMG_0078.xml,IMG_0078.mov,69,1431.04,1502.24,1532.13,1626.43,955.0,1119.4,1446.2,2297.69,0.14996537738648788,False
74 to 79 and 170 to 173,IMG_0078.xml,IMG_0078.mov,70,1734.02,1508.29,1872.1,1606.0,955.0,1119.4,1446.2,2297.69,0.0,False
74 to 79 and 170 to 173,IMG_0078.xml,IMG_0078.mov,71,1968.9,1537.3,2061.3,1603.0,955.0,1119.4,1446.2,2297.69,0.0,False
74 to 79 and 170 to 173,IMG_0078.xml,IMG_0078.mov,72,2106.7,1554.9,2160.0,1616.71,955.0,1119.4,1446.2,2297.69,0.0,False
74 to 79 and 170 to 173,IMG_0078.xml,IMG_0078.mov,73,2106.7,1554.9,2160.0,1616.71,955.0,1119.4,1446.2,2297.69,0.0,False
74 to 79 and 170 to 173,IMG_0078.xml,IMG_0078.mov,75,2081.23,1578.4,2156.1,1619.98,955.0,1119.4,1446.2,2297.69,0.0,False
74 to 79 and 170 to 173,IMG_0078.xml,IMG_0078.mov,76,1937.57,1574.48,2012.44,1616.06,955.0,1119.4,1446.2,2297.69,0.0,False
74 to 79 and 170 to 173,IMG_0078.xml,IMG_0078.mov,77,1793.26,1581.01,1862.9,1621.3,955.0,1119.4,1446.2,2297.69,0.0,False
74 to 79 and 170 to 173,IMG_0078.xml,IMG_0078.mov,78,1647.63,1591.46,1717.28,1631.75,955.0,1119.4,1446.2,2297.69,0.0,False
74 to 79 and 170 to 173,IMG_0078.xml,IMG_0078.mov,79,1594.09,1605.18,1640.9,1647.4,955.0,1119.4,1446.2,2297.69,0.0,False
74 to 79 and 170 to 173,IMG_0078.xml,IMG_0078.mov,80,1618.25,1622.81,1665.06,1665.03,955.0,1119.4,1446.2,2297.69,0.0,False
74 to 79 and 170 to 173,IMG_0078.xml,IMG_0078.mov,81,1644.37,1646.97,1691.18,1689.19,955.0,1119.4,1446.2,2297.69,0.0,False
74 to 79 and 170 to 173,IMG_0078.xml,IMG_0078.mov,82,1673.1,1675.7,1719.92,1717.92,955.0,1119.4,1446.2,2297.69,0.0,False
74 to 79 and 170 to 173,IMG_0078.xml,IMG_0078.mov,83,1702.49,1714.88,1749.3,1757.11,955.0,1119.4,1446.2,2297.69,0.0,False
74 to 79 and 170 to 173,IMG_0078.xml,IMG_0078.mov,84,1732.53,1758.63,1786.5,1810.7,955.0,1119.4,1446.2,2297.69,0.0,False
74 to 79 and 170 to 173,IMG_0078.xml,IMG_0078.mov,85,1763.87,1816.1,1817.84,1868.16,955.0,1119.4,1446.2,2297.69,0.0,False
74 to 79 and 170 to 173,IMG_0078.xml,IMG_0078.mov,86,1801.09,1885.32,1855.06,1937.38,955.0,1119.4,1446.2,2297.69,0.0,False
74 to 79 and 170 to 173,IMG_0078.xml,IMG_0078.mov,87,1832.44,1955.84,1896.2,2023.6,955.0,1119.4,1446.2,2297.69,0.0,False
74 to 79 and 170 to 173,IMG_0078.xml,IMG_0078.mov,88,1873.58,2038.78,1937.34,2106.53,955.0,1119.4,1446.2,2297.69,0.0,False
74 to 79 and 170 to 173,IMG_0078.xml,IMG_0078.mov,89,1919.29,2008.74,1981.7,2067.4,955.0,1119.4,1446.2,2297.69,0.0,False
74 to 79 and 170 to 173,IMG_0078.xml,IMG_0078.mov,90,1963.04,1975.43,2025.45,2034.1,955.0,1119.4,1446.2,2297.69,0.0,False
74 to 79 and 170 to 173,IMG_0078.xml,IMG_0078.mov,91,2012.01,1948.01,2074.43,2006.67,955.0,1119.4,1446.2,2297.69,0.0,False
74 to 79 and 170 to 173,IMG_0078.xml,IMG_0078.mov,92,2058.38,1927.11,2126.0,1985.8,955.0,1119.4,1446.2,2297.69,0.0,False
74 to 79 and 170 to 173,IMG_0078.xml,IMG_0078.mov,93,2105.4,1912.09,2160.0,1977.3,955.0,1119.4,1446.2,2297.69,0.0,False
74 to 79 and 170 to 173,IMG_0078.xml,IMG_0078.mov,0,1657.29,1363.82,1684.72,1390.59,955.0,1119.4,1446.2,2297.69,0.0,False
74 to 79 and 170 to 173,IMG_0078.xml,IMG_0078.mov,1,1657.29,1365.92,1684.72,1392.7,955.0,1119.4,1446.2,2297.69,0.0,False
74 to 79 and 170 to 173,IMG_0078.xml,IMG_0078.mov,2,1657.29,1366.77,1684.72,1393.54,955.0,1119.4,1446.2,2297.69,0.0,False
74 to 79 and 170 to 173,IMG_0078.xml,IMG_0078.mov,3,1657.29,1367.19,1684.72,1393.96,955.0,1119.4,1446.2,2297.69,0.0,False
74 to 79 and 170 to 173,IMG_0078.xml,IMG_0078.mov,4,1656.45,1368.46,1683.87,1395.23,955.0,1119.4,1446.2,2297.69,0.0,False
74 to 79 and 170 to 173,IMG_0078.xml,IMG_0078.mov,5,1658.13,1368.88,1685.56,1395.65,955.0,1119.4,1446.2,2297.69,0.0,False
74 to 79 and 170 to 173,IMG_0078.xml,IMG_0078.mov,6,1656.87,1366.77,1684.3,1393.54,955.0,1119.4,1446.2,2297.69,0.0,False
74 to 79 and 170 to 173,IMG_0078.xml,IMG_0078.mov,7,1655.6,1366.77,1683.03,1393.54,955.0,1119.4,1446.2,2297.69,0.0,False
74 to 79 and 170 to 173,IMG_0078.xml,IMG_0078.mov,8,1656.03,1365.5,1683.45,1392.28,955.0,1119.4,1446.2,2297.69,0.0,False
74 to 79 and 170 to 173,IMG_0078.xml,IMG_0078.mov,9,1654.76,1365.93,1682.19,1392.7,955.0,1119.4,1446.2,2297.69,0.0,False
74 to 79 and 170 to 173,IMG_0078.xml,IMG_0078.mov,10,1654.76,1365.93,1682.19,1392.7,955.0,1119.4,1446.2,2297.69,0.0,False
74 to 79 and 170 to 173,IMG_0078.xml,IMG_0078.mov,11,1653.92,1365.08,1681.34,1391.85,955.0,1119.4,1446.2,2297.69,0.0,False
74 to 79 and 170 to 173,IMG_0078.xml,IMG_0078.mov,12,1653.07,1366.77,1680.5,1393.54,955.0,1119.4,1446.2,2297.69,0.0,False
74 to 79 and 170 to 173,IMG_0078.xml,IMG_0078.mov,13,1651.81,1366.77,1679.24,1393.54,955.0,1119.4,1446.2,2297.69,0.0,False
74 to 79 and 170 to 173,IMG_0078.xml,IMG_0078.mov,14,1652.23,1367.19,1679.66,1393.96,955.0,1119.4,1446.2,2297.69,0.0,False
74 to 79 and 170 to 173,IMG_0078.xml,IMG_0078.mov,15,1650.54,1365.08,1677.97,1391.85,955.0,1119.4,1446.2,2297.69,0.0,False
74 to 79 and 170 to 173,IMG_0078.xml,IMG_0078.mov,16,1650.97,1365.5,1678.39,1392.28,955.0,1119.4,1446.2,2297.69,0.0,False
74 to 79 and 170 to 173,IMG_0078.xml,IMG_0078.mov,17,1650.54,1363.82,1677.97,1390.59,955.0,1119.4,1446.2,2297.69,0.0,False
74 to 79 and 170 to 173,IMG_0078.xml,IMG_0078.mov,18,1648.02,1363.43,1675.44,1394.38,955.0,1119.4,1446.2,2297.69,0.0,False
74 to 79 and 170 to 173,IMG_0078.xml,IMG_0078.mov,19,1646.33,1366.77,1673.76,1393.54,955.0,1119.4,1446.2,2297.69,0.0,False
74 to 79 and 170 to 173,IMG_0078.xml,IMG_0078.mov,20,1645.49,1365.92,1672.91,1392.7,955.0,1119.4,1446.2,2297.69,0.0,False
74 to 79 and 170 to 173,IMG_0078.xml,IMG_0078.mov,21,1643.8,1366.77,1671.23,1393.54,955.0,1119.4,1446.2,2297.69,0.0,False
74 to 79 and 170 to 173,IMG_0078.xml,IMG_0078.mov,22,1640.43,1372.25,1667.85,1399.02,955.0,1119.4,1446.2,2297.69,0.0,False
74 to 79 and 170 to 173,IMG_0078.xml,IMG_0078.mov,23,1638.32,1374.36,1671.2,1404.5,955.0,1119.4,1446.2,2297.69,0.0,False
74 to 79 and 170 to 173,IMG_0078.xml,IMG_0078.mov,24,1633.68,1386.58,1667.0,1417.1,955.0,1119.4,1446.2,2297.69,0.0,False
74 to 79 and 170 to 173,IMG_0078.xml,IMG_0078.mov,25,1629.63,1397.46,1657.06,1424.24,955.0,1119.4,1446.2,2297.69,0.0,False
74 to 79 and 170 to 173,IMG_0079.xml,IMG_0079.mov,0,1646.06,1387.91,1673.16,1418.51,955.0,1119.4,1446.2,2297.69,0.0,False
74 to 79 and 170 to 173,IMG_0079.xml,IMG_0079.mov,1,1645.48,1387.91,1672.58,1418.51,955.0,1119.4,1446.2,2297.69,0.0,False
74 to 79 and 170 to 173,IMG_0079.xml,IMG_0079.mov,2,1644.89,1387.91,1671.99,1418.51,955.0,1119.4,1446.2,2297.69,0.0,False
74 to 79 and 170 to 173,IMG_0079.xml,IMG_0079.mov,3,1644.31,1387.91,1671.41,1418.51,955.0,1119.4,1446.2,2297.69,0.0,False
74 to 79 and 170 to 173,IMG_0079.xml,IMG_0079.mov,4,1643.73,1387.91,1670.83,1418.51,955.0,1119.4,1446.2,2297.69,0.0,False
74 to 79 and 170 to 173,IMG_0079.xml,IMG_0079.mov,5,1643.15,1387.91,1670.25,1418.51,955.0,1119.4,1446.2,2297.69,0.0,False
74 to 79 and 170 to 173,IMG_0079.xml,IMG_0079.mov,6,1642.56,1387.91,1669.66,1418.51,955.0,1119.4,1446.2,2297.69,0.0,False
74 to 79 and 170 to 173,IMG_0079.xml,IMG_0079.mov,7,1640.88,1387.91,1667.98,1418.51,955.0,1119.4,1446.2,2297.69,0.0,False
74 to 79 and 170 to 173,IMG_0079.xml,IMG_0079.mov,8,1638.35,1387.91,1665.45,1418.51,955.0,1119.4,1446.2,2297.69,0.0,False
74 to 79 and 170 to 173,IMG_0079.xml,IMG_0079.mov,9,1634.55,1387.91,1661.65,1418.51,955.0,1119.4,1446.2,2297.69,0.0,False
74 to 79 and 170 to 173,IMG_0079.xml,IMG_0079.mov,10,1628.65,1392.13,1657.4,1423.6,955.0,1119.4,1446.2,2297.69,0.0,False
74 to 79 and 170 to 173,IMG_0079.xml,IMG_0079.mov,11,1623.59,1396.34,1652.34,1427.82,955.0,1119.4,1446.2,2297.69,0.0,False
74 to 79 and 170 to 173,IMG_0079.xml,IMG_0079.mov,12,1616.43,1406.88,1645.18,1438.36,955.0,1119.4,1446.2,2297.69,0.0,False
74 to 79 and 170 to 173,IMG_0079.xml,IMG_0079.mov,13,1607.15,1419.11,1638.9,1454.8,955.0,1119.4,1446.2,2297.69,0.0,False
74 to 79 and 170 to 173,IMG_0079.xml,IMG_0079.mov,14,1596.19,1442.72,1627.94,1478.41,955.0,1119.4,1446.2,2297.69,0.0,False
74 to 79 and 170 to 173,IMG_0079.xml,IMG_0079.mov,15,1599.1,1446.0,1619.6,1493.3,955.0,1119.4,1446.2,2297.69,0.0,False
74 to 79 and 170 to 173,IMG_0079.xml,IMG_0079.mov,16,1599.1,1471.1,1609.7,1511.2,955.0,1119.4,1446.2,2297.69,0.0,False
74 to 79 and 170 to 173,IMG_0079.xml,IMG_0079.mov,17,1567.76,1497.7,1578.36,1537.8,955.0,1119.4,1446.2,2297.69,0.0,False
74 to 79 and 170 to 173,IMG_0079.xml,IMG_0079.mov,18,1556.83,1517.7,1578.7,1548.36,955.0,1119.4,1446.2,2297.69,0.0,False
74 to 79 and 170 to 173,IMG_0079.xml,IMG_0079.mov,19,1547.72,1529.0,1576.5,1560.75,955.0,1119.4,1446.2,2297.69,0.0,False
74 to 79 and 170 to 173,IMG_0079.xml,IMG_0079.mov,20,1546.27,1531.55,1575.04,1563.3,955.0,1119.4,1446.2,2297.69,0.0,False
74 to 79 and 170 to 173,IMG_0079.xml,IMG_0079.mov,21,1546.14,1529.61,1574.92,1561.36,955.0,1119.4,1446.2,2297.69,0.0,False
74 to 79 and 170 to 173,IMG_0079.xml,IMG_0079.mov,22,1546.02,1527.66,1574.8,1559.42,955.0,1119.4,1446.2,2297.69,0.0,False
74 to 79 and 170 to 173,IMG_0079.xml,IMG_0079.mov,23,1545.9,1525.72,1574.68,1557.47,955.0,1119.4,1446.2,2297.69,0.0,False
74 to 79 and 170 to 173,IMG_0079.xml,IMG_0079.mov,24,1547.0,1519.89,1575.77,1551.64,955.0,1119.4,1446.2,2297.69,0.0,False
74 to 79 and 170 to 173,IMG_0079.xml,IMG_0079.mov,25,1547.0,1517.34,1575.77,1549.09,955.0,1119.4,1446.2,2297.69,0.0,False
74 to 79 and 170 to 173,IMG_0079.xml,IMG_0079.mov,26,1545.54,1520.98,1574.32,1552.73,955.0,1119.4,1446.2,2297.69,0.0,False
74 to 79 and 170 to 173,IMG_0079.xml,IMG_0079.mov,27,1544.08,1524.63,1572.86,1556.38,955.0,1119.4,1446.2,2297.69,0.0,False
74 to 79 and 170 to 173,IMG_0079.xml,IMG_0079.mov,28,1542.26,1540.66,1571.04,1572.41,955.0,1119.4,1446.2,2297.69,0.0,False
74 to 79 and 170 to 173,IMG_0079.xml,IMG_0079.mov,29,1537.89,1561.06,1566.67,1592.81,955.0,1119.4,1446.2,2297.69,0.0,False
74 to 79 and 170 to 173,IMG_0079.xml,IMG_0079.mov,30,1531.33,1587.3,1559.7,1619.4,955.0,1119.4,1446.2,2297.69,0.0,False
74 to 79 and 170 to 173,IMG_0079.xml,IMG_0079.mov,31,1521.49,1613.53,1549.86,1645.63,955.0,1119.4,1446.2,2297.69,0.0,False
74 to 79 and 170 to 173,IMG_0079.xml,IMG_0079.mov,32,1509.1,1631.7,1540.8,1668.2,955.0,1119.4,1446.2,2297.69,0.0,False
74 to 79 and 170 to 173,IMG_0079.xml,IMG_0079.mov,33,1498.54,1632.79,1530.23,1669.29,955.0,1119.4,1446.2,2297.69,0.0,False
74 to 79 and 170 to 173,IMG_0079.xml,IMG_0079.mov,34,1488.7,1608.38,1528.0,1647.8,955.0,1119.4,1446.2,2297.69,0.0,False
74 to 79 and 170 to 173,IMG_0079.xml,IMG_0079.mov,35,1487.61,1565.75,1526.5,1608.1,955.0,1119.4,1446.2,2297.69,0.0,False
74 to 79 and 170 to 173,IMG_0079.xml,IMG_0079.mov,36,1482.51,1518.02,1521.4,1560.37,955.0,1119.4,1446.2,2297.69,0.0,False
74 to 79 and 170 to 173,IMG_0079.xml,IMG_0079.mov,37,1477.99,1471.17,1520.8,1516.9,955.0,1119.4,1446.2,2297.69,0.0,False
74 to 79 and 170 to 173,IMG_0079.xml,IMG_0079.mov,38,1474.61,1427.71,1518.5,1480.2,955.0,1119.4,1446.2,2297.69,0.0,False
74 to 79 and 170 to 173,IMG_0079.xml,IMG_0079.mov,39,1464.78,1386.16,1515.5,1440.2,955.0,1119.4,1446.2,2297.69,0.0,False
74 to 79 and 170 to 173,IMG_0079.xml,IMG_0079.mov,40,1458.71,1349.75,1509.43,1403.79,955.0,1119.4,1446.2,2297.69,0.0,False
74 to 79 and 170 to 173,IMG_0079.xml,IMG_0079.mov,41,1450.7,1313.49,1501.42,1367.53,955.0,1119.4,1446.2,2297.69,0.0,False
74 to 79 and 170 to 173,IMG_0079.xml,IMG_0079.mov,42,1441.43,1281.87,1496.8,1337.2,955.0,1119.4,1446.2,2297.69,0.0861477334296549,False
74 to 79 and 170 to 173,IMG_0079.xml,IMG_0079.mov,43,1430.05,1252.78,1487.5,1312.7,955.0,1119.4,1446.2,2297.69,0.28111401218450965,False
74 to 79 and 170 to 173,IMG_0079.xml,IMG_0079.mov,44,1414.87,1231.7,1479.5,1297.1,955.0,1119.4,1446.2,2297.69,0.48475939965960235,True
74 to 79 and 170 to 173,IMG_0079.xml,IMG_0079.mov,45,1400.5,1218.64,1465.13,1284.04,955.0,1119.4,1446.2,2297.69,0.7071019650317184,True
74 to 79 and 170 to 173,IMG_0079.xml,IMG_0079.mov,46,1378.95,1212.11,1452.7,1283.4,955.0,1119.4,1446.2,2297.69,0.9118644067796611,True
74 to 79 and 170 to 173,IMG_0079.xml,IMG_0079.mov,47,1352.83,1213.42,1435.7,1293.8,955.0,1119.4,1446.2,2297.69,1.0,True
74 to 79 and 170 to 173,IMG_0079.xml,IMG_0079.mov,48,1325.4,1230.39,1412.2,1319.9,955.0,1119.4,1446.2,2297.69,1.0,True
74 to 79 and 170 to 173,IMG_0079.xml,IMG_0079.mov,49,1294.06,1261.09,1384.8,1357.8,955.0,1119.4,1446.2,2297.69,1.0,True
74 to 79 and 170 to 173,IMG_0079.xml,IMG_0079.mov,50,1248.35,1308.1,1354.1,1427.0,955.0,1119.4,1446.2,2297.69,1.0,True
74 to 79 and 170 to 173,IMG_0079.xml,IMG_0079.mov,51,1202.31,1400.18,1308.06,1519.08,955.0,1119.4,1446.2,2297.69,1.0,True
74 to 79 and 170 to 173,IMG_0079.xml,IMG_0079.mov,52,1311.99,1082.0,1457.0,1261.8,955.0,1119.4,1446.2,2297.69,0.733005487174794,True
74 to 79 and 170 to 173,IMG_0079.xml,IMG_0079.mov,53,1474.5,811.2,1566.7,942.2,955.0,1119.4,1446.2,2297.69,0.0,False
74 to 79 and 170 to 173,IMG_0079.xml,IMG_0079.mov,54,1565.2,677.1,1642.5,755.3,955.0,1119.4,1446.2,2297.69,0.0,False
74 to 79 and 170 to 173,IMG_0079.xml,IMG_0079.mov,55,1624.7,585.0,1684.4,650.1,955.0,1119.4,1446.2,2297.69,0.0,False
74 to 79 and 170 to 173,IMG_0079.xml,IMG_0079.mov,56,1669.8,523.7,1713.5,579.6,955.0,1119.4,1446.2,2297.69,0.0,False
74 to 79 and 170 to 173,IMG_0079.xml,IMG_0079.mov,57,1705.1,484.0,1743.6,527.8,955.0,1119.4,1446.2,2297.69,0.0,False
74 to 79 and 170 to 173,IMG_0079.xml,IMG_0079.mov,58,1732.8,459.7,1771.04,499.46,955.0,1119.4,1446.2,2297.69,0.0,False
74 to 79 and 170 to 173,IMG_0079.xml,IMG_0079.mov,59,1747.93,438.47,1785.2,472.6,955.0,1119.4,1446.2,2297.69,0.0,False
74 to 79 and 170 to 173,IMG_0079.xml,IMG_0079.mov,60,1771.1,425.3,1800.4,456.5,955.0,1119.4,1446.2,2297.69,0.0,False
74 to 79 and 170 to 173,IMG_0079.xml,IMG_0079.mov,61,1775.5,429.3,1805.6,454.6,955.0,1119.4,1446.2,2297.69,0.0,False
74 to 79 and 170 to 173,IMG_0079.xml,IMG_0079.mov,62,1768.1,471.3,1797.8,501.3,955.0,1119.4,1446.2,2297.69,0.0,False
74 to 79 and 170 to 173,IMG_0079.xml,IMG_0079.mov,63,1773.9,514.1,1802.4,539.2,955.0,1119.4,1446.2,2297.69,0.0,False
74 to 79 and 170 to 173,IMG_0079.xml,IMG_0079.mov,64,1775.3,556.5,1807.7,587.5,955.0,1119.4,1446.2,2297.69,0.0,False
74 to 79 and 170 to 173,IMG_0079.xml,IMG_0079.mov,65,1779.3,601.5,1808.0,631.2,955.0,1119.4,1446.2,2297.69,0.0,False
74 to 79 and 170 to 173,IMG_0079.xml,IMG_0079.mov,66,1787.2,644.4,1816.2,678.2,955.0,1119.4,1446.2,2297.69,0.0,False
74 to 79 and 170 to 173,IMG_0079.xml,IMG_0079.mov,67,1807.4,677.7,1831.9,703.7,955.0,1119.4,1446.2,2297.69,0.0,False
74 to 79 and 170 to 173,IMG_0079.xml,IMG_0079.mov,68,1821.77,704.47,1846.27,730.47,955.0,1119.4,1446.2,2297.69,0.0,False
74 to 79 and 170 to 173,IMG_0079.xml,IMG_0079.mov,69,1836.79,728.63,1861.28,754.64,955.0,1119.4,1446.2,2297.69,0.0,False
74 to 79 and 170 to 173,IMG_0079.xml,IMG_0079.mov,70,1853.76,762.59,1878.26,788.59,955.0,1119.4,1446.2,2297.69,0.0,False
74 to 79 and 170 to 173,IMG_0079.xml,IMG_0079.mov,71,1870.74,795.24,1895.24,821.24,955.0,1119.4,1446.2,2297.69,0.0,False
74 to 79 and 170 to 173,IMG_0079.xml,IMG_0079.mov,72,1886.41,830.51,1910.91,856.51,955.0,1119.4,1446.2,2297.69,0.0,False
74 to 79 and 170 to 173,IMG_0079.xml,IMG_0079.mov,73,1903.39,878.83,1927.89,904.83,955.0,1119.4,1446.2,2297.69,0.0,False
74 to 79 and 170 to 173,IMG_0079.xml,IMG_0079.mov,74,1916.45,915.4,1940.95,941.4,955.0,1119.4,1446.2,2297.69,0.0,False
74 to 79 and 170 to 173,IMG_0079.xml,IMG_0079.mov,75,1934.74,962.42,1959.24,988.42,955.0,1119.4,1446.2,2297.69,0.0,False
74 to 79 and 170 to 173,IMG_0079.xml,IMG_0079.mov,76,1953.02,1012.7,1977.52,1038.7,955.0,1119.4,1446.2,2297.69,0.0,False
74 to 79 and 170 to 173,IMG_0079.xml,IMG_0079.mov,77,1976.53,1064.94,2001.03,1090.94,955.0,1119.4,1446.2,2297.69,0.0,False
74 to 79 and 170 to 173,IMG_0079.xml,IMG_0079.mov,78,1983.71,1119.79,2008.21,1145.79,955.0,1119.4,1446.2,2297.69,0.0,False
74 to 79 and 170 to 173,IMG_0079.xml,IMG_0079.mov,79,1998.08,1175.95,2022.58,1201.95,955.0,1119.4,1446.2,2297.69,0.0,False
